;Data;Cenario;Delft3D;Model A;Model B
3;01/01/2012;A25;NA;0,0414993;0,08955129
8;02/01/2012;A25;NA;0,041779205;0,089721178
13;03/01/2012;A25;NA;0,041781565;0,089838323
18;04/01/2012;A25;NA;0,042168837;0,0901454
23;05/01/2012;A25;NA;0,042229554;0,090261817
28;06/01/2012;A25;NA;0,042315221;0,090495035
33;07/01/2012;A25;NA;0,04231186;0,090570412
38;08/01/2012;A25;NA;0,042512388;0,090786882
43;09/01/2012;A25;NA;0,04273925;0,091041653
48;10/01/2012;A25;NA;0,042555237;0,091067438
53;11/01/2012;A25;NA;0,042601947;0,091125842
58;12/01/2012;A25;NA;0,04248745;0,091179058
63;13/01/2012;A25;NA;0,043199373;0,09160456
68;14/01/2012;A25;NA;0,043559172;0,091919893
73;15/01/2012;A25;NA;0,043439084;0,091977615
78;16/01/2012;A25;NA;0,043817897;0,092269324
83;17/01/2012;A25;NA;0,043875093;0,092339769
88;18/01/2012;A25;NA;0,043471296;0,092185044
93;19/01/2012;A25;NA;0,043428929;0,092124001
98;20/01/2012;A25;NA;0,043529332;0,092148466
103;21/01/2012;A25;NA;0,043911109;0,092334855
108;22/01/2012;A25;NA;0,04371716;0,092318044
113;23/01/2012;A25;NA;0,04330168;0,092191248
118;24/01/2012;A25;NA;0,044494983;0,092788352
123;25/01/2012;A25;NA;0,044499116;0,092871176
128;26/01/2012;A25;NA;0,044582581;0,093001724
133;27/01/2012;A25;NA;0,044778108;0,093204617
138;28/01/2012;A25;NA;0,044801843;0,093375754
143;29/01/2012;A25;NA;0,044900079;0,093620739
148;30/01/2012;A25;NA;0,045574344;0,09419121
153;31/01/2012;A25;NA;0,046603745;0,095007457
158;01/02/2012;A25;NA;0,047456297;0,095850212
163;02/02/2012;A25;NA;0,047260753;0,096211089
168;03/02/2012;A25;NA;0,046972558;0,096542672
173;04/02/2012;A25;NA;0,046668077;0,096954376
178;05/02/2012;A25;NA;0,046536239;0,097399829
183;06/02/2012;A25;NA;0,046528646;0,097942634
188;07/02/2012;A25;NA;0,046447674;0,098413131
193;08/02/2012;A25;NA;0,046365793;0,098862057
198;09/02/2012;A25;NA;0,046227006;0,099274283
203;10/02/2012;A25;NA;0,046274503;0,099691677
208;11/02/2012;A25;NA;0,046346186;0,100123733
213;12/02/2012;A25;NA;0,046088595;0,100347476
218;13/02/2012;A25;NA;0,045678867;0,100883131
223;14/02/2012;A25;NA;0,045329275;0,10154708
228;15/02/2012;A25;NA;0,045073425;0,102165395
233;16/02/2012;A25;NA;0,044662142;0,102686091
238;17/02/2012;A25;NA;0,044490253;0,103313537
243;18/02/2012;A25;NA;0,044368611;0,104002231
248;19/02/2012;A25;NA;0,044531793;0,104808114
253;20/02/2012;A25;NA;0,044527388;0,105561707
258;21/02/2012;A25;NA;0,046034294;0,107095815
263;22/02/2012;A25;NA;0,045987441;0,107900098
268;23/02/2012;A25;NA;0,045878827;0,108553354
273;24/02/2012;A25;NA;0,045547311;0,10904903
278;25/02/2012;A25;NA;0,045610292;0,109703599
283;26/02/2012;A25;NA;0,046530406;0,110796692
288;27/02/2012;A25;NA;0,046374842;0,111435836
293;28/02/2012;A25;NA;0,046273125;0,111998903
298;29/02/2012;A25;NA;0,046220064;0,112530517
303;01/03/2012;A25;NA;0,04688846;0,113409606
308;02/03/2012;A25;NA;0,047126289;0,114207718
313;03/03/2012;A25;NA;0,047459485;0,115036219
318;04/03/2012;A25;NA;0,047665079;0,115787721
323;05/03/2012;A25;NA;0,047788995;0,116592078
328;06/03/2012;A25;NA;0,047715265;0,117309295
333;07/03/2012;A25;NA;0,047585843;0,117632252
338;08/03/2012;A25;NA;0,047610694;0,118322747
343;09/03/2012;A25;NA;0,047760644;0,119119905
348;10/03/2012;A25;NA;0,04783828;0,119842086
353;11/03/2012;A25;NA;0,047770043;0,120369066
358;12/03/2012;A25;NA;0,047802387;0,120270752
363;13/03/2012;A25;NA;0,047627941;0,119998899
368;14/03/2012;A25;NA;0,047560405;0,119853023
373;15/03/2012;A25;NA;0,047553126;0,119737988
378;16/03/2012;A25;NA;0,047264898;0,119408163
383;17/03/2012;A25;NA;0,047029464;0,119182431
388;18/03/2012;A25;NA;0,047288933;0,119107897
393;19/03/2012;A25;NA;0,047074206;0,118834013
398;20/03/2012;A25;NA;0,046972677;0,118610677
403;21/03/2012;A25;NA;0,046998969;0,118451135
408;22/03/2012;A25;NA;0,046775918;0,118243392
413;23/03/2012;A25;NA;0,046480895;0,117914665
418;24/03/2012;A25;NA;0,046550948;0,117815413
423;25/03/2012;A25;NA;0,046394694;0,117613318
428;26/03/2012;A25;NA;0,046245029;0,117409773
433;27/03/2012;A25;NA;0,046112174;0,117210234
438;28/03/2012;A25;NA;0,045910099;0,116973876
443;29/03/2012;A25;NA;0,04585315;0,116801457
448;30/03/2012;A25;NA;0,045750888;0,116591153
453;31/03/2012;A25;NA;0,045689687;0,116476043
458;01/04/2012;A25;NA;0,04552027;0,116307386
463;02/04/2012;A25;NA;0,045395436;0,116064532
468;03/04/2012;A25;NA;0,045383106;0,1159605
473;04/04/2012;A25;NA;0,045611563;0,115890955
478;05/04/2012;A25;NA;0,045646142;0,115816433
483;06/04/2012;A25;NA;0,045584419;0,11568295
488;07/04/2012;A25;NA;0,045433645;0,11552952
493;08/04/2012;A25;NA;0,045417958;0,115355361
498;09/04/2012;A25;NA;0,045383587;0,115247682
503;10/04/2012;A25;NA;0,045591055;0,115262206
508;11/04/2012;A25;NA;0,045439834;0,115024686
513;12/04/2012;A25;NA;0,045569233;0,115009902
518;13/04/2012;A25;NA;0,045642007;0,114999185
523;14/04/2012;A25;NA;0,045478248;0,114771171
528;15/04/2012;A25;NA;0,045355753;0,11464548
533;16/04/2012;A25;NA;0,045468033;0,114550514
538;17/04/2012;A25;NA;0,04539904;0,114364223
543;18/04/2012;A25;NA;0,045391695;0,114920513
548;19/04/2012;A25;NA;0,045352116;0,115511715
553;20/04/2012;A25;NA;0,045366509;0,11600758
558;21/04/2012;A25;NA;0,045441788;0,116584276
563;22/04/2012;A25;NA;0,045640495;0,117125557
568;23/04/2012;A25;NA;0,045892625;0,117704224
573;24/04/2012;A25;NA;0,045908354;0,118154962
578;25/04/2012;A25;NA;0,046004592;0,118644785
583;26/04/2012;A25;NA;0,046227944;0,119096081
588;27/04/2012;A25;NA;0,046234246;0,119530631
593;28/04/2012;A25;NA;0,046158897;0,119828995
598;29/04/2012;A25;NA;0,04599134;0,120012705
603;30/04/2012;A25;NA;0,045803618;0,120242638
608;01/05/2012;A25;NA;0,045653329;0,120305902
613;02/05/2012;A25;NA;0,045954893;0,120696286
618;03/05/2012;A25;NA;0,046280104;0,120973181
623;04/05/2012;A25;NA;0,046931349;0,121544348
628;05/05/2012;A25;NA;0,047588264;0,121566446
633;06/05/2012;A25;NA;0,047410247;0,121188073
638;07/05/2012;A25;NA;0,047301651;0,121374128
643;08/05/2012;A25;NA;0,047288333;0,121857821
648;09/05/2012;A25;NA;0,04742942;0,122326915
653;10/05/2012;A25;NA;0,047785317;0,122807234
658;11/05/2012;A25;NA;0,048055572;0,123308183
663;12/05/2012;A25;NA;0,047936412;0,123757919
668;13/05/2012;A25;NA;0,048056876;0,124274747
673;14/05/2012;A25;NA;0,04810909;0,124825751
678;15/05/2012;A25;NA;0,048147224;0,125330863
683;16/05/2012;A25;NA;0,048777006;0,126172132
688;17/05/2012;A25;NA;0,048903133;0,126704337
693;18/05/2012;A25;NA;0,048826822;0,127116337
698;19/05/2012;A25;NA;0,048890557;0,127640874
703;20/05/2012;A25;NA;0,049113349;0,128134602
708;21/05/2012;A25;NA;0,049328412;0,128702391
713;22/05/2012;A25;NA;0,049465793;0,129206088
718;23/05/2012;A25;NA;0,049814072;0,129791398
723;24/05/2012;A25;NA;0,049926016;0,130264606
728;25/05/2012;A25;NA;0,050144026;0,130765843
733;26/05/2012;A25;NA;0,050361641;0,131230737
738;27/05/2012;A25;NA;0,050588684;0,131794965
743;28/05/2012;A25;NA;0,050853743;0,132267355
748;29/05/2012;A25;NA;0,050992459;0,132667883
753;30/05/2012;A25;NA;0,051156532;0,132962267
758;31/05/2012;A25;NA;0,051323933;0,133165773
763;01/06/2012;A25;NA;0,05142107;0,133417647
768;02/06/2012;A25;NA;0,051675865;0,133643243
773;03/06/2012;A25;NA;0,051588253;0,133430996
778;04/06/2012;A25;NA;0,051730599;0,133608686
783;05/06/2012;A25;NA;0,052217004;0,133788888
788;06/06/2012;A25;NA;0,05221735;0,133691907
793;07/06/2012;A25;NA;0,05244489;0,133240933
798;08/06/2012;A25;NA;0,052109239;0,132539184
803;09/06/2012;A25;NA;0,052054392;0,131856172
808;10/06/2012;A25;NA;0,051772851;0,13111921
813;11/06/2012;A25;NA;0,051325198;0,130849036
818;12/06/2012;A25;NA;0,050940408;0,13056992
823;13/06/2012;A25;NA;0,050668495;0,130460231
828;14/06/2012;A25;NA;0,050369719;0,130278465
833;15/06/2012;A25;NA;0,05034481;0,130234424
838;16/06/2012;A25;NA;0,050153584;0,129759761
843;17/06/2012;A25;NA;0,050448318;0,12949796
848;18/06/2012;A25;NA;0,050255987;0,129479818
853;19/06/2012;A25;NA;0,049855843;0,129355599
858;20/06/2012;A25;NA;0,049856369;0,128958244
863;21/06/2012;A25;NA;0,049797578;0,128369043
868;22/06/2012;A25;NA;0,049325661;0,127646314
873;23/06/2012;A25;NA;0,047894529;0,126028181
878;24/06/2012;A25;NA;0,050091046;0,126123746
883;25/06/2012;A25;NA;0,055620913;0,128349943
888;26/06/2012;A25;NA;0,054562436;0,128089137
893;27/06/2012;A25;NA;0,053677341;0,127888853
898;28/06/2012;A25;NA;0,052915666;0,128065406
903;29/06/2012;A25;NA;0,054596611;0,129983284
908;30/06/2012;A25;NA;0,054979713;0,131406414
913;01/07/2012;A25;NA;0,054544488;0,131773803
918;02/07/2012;A25;NA;0,054265543;0,132586221
923;03/07/2012;A25;NA;0,054771744;0,133811609
928;04/07/2012;A25;NA;0,054996785;0,134949854
933;05/07/2012;A25;NA;0,055284262;0,136139271
938;06/07/2012;A25;NA;0,055308202;0,137284408
943;07/07/2012;A25;NA;0,055151626;0,138360802
948;08/07/2012;A25;NA;0,055283889;0,13942235
953;09/07/2012;A25;NA;0,055258539;0,14037555
958;10/07/2012;A25;NA;0,055241886;0,141226065
963;11/07/2012;A25;NA;0,055942331;0,142425976
968;12/07/2012;A25;NA;0,055949758;0,143298271
973;13/07/2012;A25;NA;0,055868715;0,14408759
978;14/07/2012;A25;NA;0,055759078;0,144860063
983;15/07/2012;A25;NA;0,055638379;0,145673245
988;16/07/2012;A25;NA;0,055329801;0,146265565
993;17/07/2012;A25;NA;0,054865702;0,146710849
998;18/07/2012;A25;NA;0,054503531;0,147198129
1003;19/07/2012;A25;NA;0,05463319;0,147886744
1008;20/07/2012;A25;NA;0,054917419;0,14864827
1013;21/07/2012;A25;NA;0,054942522;0,148956961
1018;22/07/2012;A25;NA;0,054787157;0,149542232
1023;23/07/2012;A25;NA;0,054719351;0,150107126
1028;24/07/2012;A25;NA;0,054634402;0,150727854
1033;25/07/2012;A25;NA;0,054616189;0,151329256
1038;26/07/2012;A25;NA;0,054981319;0,152100972
1043;27/07/2012;A25;NA;0,0549277;0,152660668
1048;28/07/2012;A25;NA;0,054883179;0,153180047
1053;29/07/2012;A25;NA;0,054814513;0,153761664
1058;30/07/2012;A25;NA;0,055707399;0,154693012
1063;31/07/2012;A25;NA;0,055851185;0,155396771
1068;01/08/2012;A25;NA;0,056279645;0,156001453
1073;02/08/2012;A25;NA;0,056315239;0,156432638
1078;03/08/2012;A25;NA;0,056143595;0,156588724
1083;04/08/2012;A25;NA;0,056102258;0,156761454
1088;05/08/2012;A25;NA;0,056373683;0,156480698
1093;06/08/2012;A25;NA;0,056410436;0,156732611
1098;07/08/2012;A25;NA;0,056409261;0,156961629
1103;08/08/2012;A25;NA;0,056485243;0,157196875
1108;09/08/2012;A25;NA;0,057263196;0,157893863
1113;10/08/2012;A25;NA;0,057050839;0,158245311
1118;11/08/2012;A25;NA;0,056987287;0,158511107
1123;12/08/2012;A25;NA;0,056856954;0,158227876
1128;13/08/2012;A25;NA;0,057602315;0,158848765
1133;14/08/2012;A25;NA;0,058024907;0,159361921
1138;15/08/2012;A25;NA;0,057790946;0,159577437
1143;16/08/2012;A25;NA;0,057616301;0,159784579
1148;17/08/2012;A25;NA;0,057515067;0,159997125
1153;18/08/2012;A25;NA;0,057617872;0,160497679
1158;19/08/2012;A25;NA;0,057404178;0,160119359
1163;20/08/2012;A25;NA;0,057294907;0,160348368
1168;21/08/2012;A25;NA;0,057419313;0,160710411
1173;22/08/2012;A25;NA;0,057452075;0,160996166
1178;23/08/2012;A25;NA;0,05737095;0,161310612
1183;24/08/2012;A25;NA;0,057277809;0,161508227
1188;25/08/2012;A25;NA;0,057230766;0,16154836
1193;26/08/2012;A25;NA;0,05710485;0,161196477
1198;27/08/2012;A25;NA;0,057033256;0,161309092
1203;28/08/2012;A25;NA;0,056917057;0,161398162
1208;29/08/2012;A25;NA;0,056809781;0,161484476
1213;30/08/2012;A25;NA;0,056747511;0,161589693
1218;31/08/2012;A25;NA;0,056827495;0,161753089
1223;01/09/2012;A25;NA;0,056726801;0,161785702
1228;02/09/2012;A25;NA;0,056518479;0,161326723
1233;03/09/2012;A25;NA;0,056482133;0,16137454
1238;04/09/2012;A25;NA;0,056530526;0,161441781
1243;05/09/2012;A25;NA;0,056558546;0,161670573
1248;06/09/2012;A25;NA;0,05651279;0,161850516
1253;07/09/2012;A25;NA;0,056408197;0,161976641
1258;08/09/2012;A25;NA;0,056322001;0,162084759
1263;09/09/2012;A25;NA;0,056316805;0,162210613
1268;10/09/2012;A25;NA;0,056451478;0,162384378
1273;11/09/2012;A25;NA;0,056819649;0,162671468
1278;12/09/2012;A25;NA;0,056908739;0,162843689
1283;13/09/2012;A25;NA;0,057044631;0,16303402
1288;14/09/2012;A25;NA;0,057155088;0,16321139
1293;15/09/2012;A25;NA;0,057259898;0,16347163
1298;16/09/2012;A25;NA;0,057433989;0,163612662
1303;17/09/2012;A25;NA;0,05742655;0,163803789
1308;18/09/2012;A25;NA;0,057408772;0,163850323
1313;19/09/2012;A25;NA;0,057630511;0,164102559
1318;20/09/2012;A25;NA;0,058171792;0,164510923
1323;21/09/2012;A25;NA;0,058191184;0,164590899
1328;22/09/2012;A25;NA;0,05878237;0,164942794
1333;23/09/2012;A25;NA;0,059304411;0,165311016
1338;24/09/2012;A25;NA;0,059396665;0,165509583
1343;25/09/2012;A25;NA;0,059822841;0,165841102
1348;26/09/2012;A25;NA;0,060199062;0,166288488
1353;27/09/2012;A25;NA;0,060498631;0,166594087
1358;28/09/2012;A25;NA;0,060612168;0,166843406
1363;29/09/2012;A25;NA;0,06068703;0,166951067
1368;30/09/2012;A25;NA;0,060447062;0,166708559
1373;01/10/2012;A25;NA;0,060376571;0,166602444
1378;02/10/2012;A25;NA;0,060562057;0,166579738
1383;03/10/2012;A25;NA;0,06061482;0,166501633
1388;04/10/2012;A25;NA;0,060501349;0,166356849
1393;05/10/2012;A25;NA;0,060527615;0,16624639
1398;06/10/2012;A25;NA;0,060789071;0,166553752
1403;07/10/2012;A25;NA;0,061059848;0,166854289
1408;08/10/2012;A25;NA;0,061104832;0,166698774
1413;09/10/2012;A25;NA;0,061192531;0,166538388
1418;10/10/2012;A25;NA;0,061351215;0,166395033
1423;11/10/2012;A25;NA;0,061424556;0,166207557
1428;12/10/2012;A25;NA;0,06129322;0,165927355
1433;13/10/2012;A25;NA;0,06112661;0,165477798
1438;14/10/2012;A25;NA;0,060958693;0,164924921
1443;15/10/2012;A25;NA;0,060810964;0,164577397
1448;16/10/2012;A25;NA;0,060805575;0,164211197
1453;17/10/2012;A25;NA;0,061269492;0,164056162
1458;18/10/2012;A25;NA;0,06169516;0,164397886
1463;19/10/2012;A25;NA;0,06180711;0,164721828
1468;20/10/2012;A25;NA;0,062105798;0,165087244
1473;21/10/2012;A25;NA;0,062487335;0,165465169
1478;22/10/2012;A25;NA;0,062602777;0,16573595
1483;23/10/2012;A25;NA;0,063157281;0,166188936
1488;24/10/2012;A25;NA;0,063365558;0,166404324
1493;25/10/2012;A25;NA;0,063493807;0,166631168
1498;26/10/2012;A25;NA;0,063469363;0,166608674
1503;27/10/2012;A25;NA;0,063378585;0,166584974
1508;28/10/2012;A25;NA;0,063092509;0,166479657
1513;29/10/2012;A25;NA;0,063150198;0,166560888
1518;30/10/2012;A25;NA;0,063333929;0,16662152
1523;31/10/2012;A25;NA;0,064145219;0,16675305
1528;01/11/2012;A25;NA;0,064263432;0,166787008
1533;02/11/2012;A25;NA;0,064156049;0,166373666
1538;03/11/2012;A25;NA;0,063970266;0,165927878
1543;04/11/2012;A25;NA;0,064644317;0,165751725
1548;05/11/2012;A25;NA;0,064442447;0,165504062
1553;06/11/2012;A25;NA;0,064132919;0,165011382
1558;07/11/2012;A25;NA;0,064143546;0,164844262
1563;08/11/2012;A25;NA;0,064200404;0,164860071
1568;09/11/2012;A25;NA;0,06430548;0,164872512
1573;10/11/2012;A25;NA;0,064328613;0,164854884
1578;11/11/2012;A25;NA;0,064229814;0,164816222
1583;12/11/2012;A25;NA;0,064194751;0,164628682
1588;13/11/2012;A25;NA;0,064422102;0,164547942
1593;14/11/2012;A25;NA;0,064267686;0,16436182
1598;15/11/2012;A25;NA;0,063715587;0,163630536
1603;16/11/2012;A25;NA;0,063565726;0,163482354
1608;17/11/2012;A25;NA;0,063314357;0,162878696
1613;18/11/2012;A25;NA;0,063011771;0,162254465
1618;19/11/2012;A25;NA;0,063008531;0,162179055
1623;20/11/2012;A25;NA;0,063126465;0,162123803
1628;21/11/2012;A25;NA;0,063117857;0,162029431
1633;22/11/2012;A25;NA;0,063261107;0,161976115
1638;23/11/2012;A25;NA;0,063533885;0,161931727
1643;24/11/2012;A25;NA;0,063670648;0,161841211
1648;25/11/2012;A25;NA;0,063523148;0,16130868
1653;26/11/2012;A25;NA;0,06385026;0,161346841
1658;27/11/2012;A25;NA;0,064085035;0,161215191
1663;28/11/2012;A25;NA;0,06427247;0,161089114
1668;29/11/2012;A25;NA;0,064324196;0,160932476
1673;30/11/2012;A25;NA;0,064249007;0,160603943
1678;01/12/2012;A25;NA;0,063861017;0,159896188
1683;02/12/2012;A25;NA;0,06361987;0,159217912
1688;03/12/2012;A25;NA;0,063645676;0,158926559
1693;04/12/2012;A25;NA;0,064285827;0,158859926
1698;05/12/2012;A25;NA;0,064039805;0,158433504
1703;06/12/2012;A25;NA;0,063957017;0,158214737
1708;07/12/2012;A25;NA;0,063783895;0,157849143
1713;08/12/2012;A25;NA;0,063968234;0,157255741
1718;09/12/2012;A25;NA;0,064137329;0,156694368
1723;10/12/2012;A25;NA;0,064397263;0,156644622
1728;11/12/2012;A25;NA;0,065194832;0,156769306
1733;12/12/2012;A25;NA;0,065368406;0,156760435
1738;13/12/2012;A25;NA;0,065234234;0,156548211
1743;14/12/2012;A25;NA;0,066338287;0,156652795
1748;15/12/2012;A25;NA;0,066220147;0,156024449
1753;16/12/2012;A25;NA;0,065344957;0,15514611
1758;17/12/2012;A25;NA;0,064861171;0,154809202
1763;18/12/2012;A25;NA;0,065594291;0,154896633
1768;19/12/2012;A25;NA;0,066206977;0,154949836
1773;20/12/2012;A25;NA;0,066213021;0,154967475
1778;21/12/2012;A25;NA;0,066233297;0,155120553
1783;22/12/2012;A25;NA;0,065991222;0,15467792
1788;23/12/2012;A25;NA;0,065766028;0,154336626
1793;24/12/2012;A25;NA;0,065661154;0,15400914
1798;25/12/2012;A25;NA;0,065014459;0,153433889
1803;26/12/2012;A25;NA;0,065037104;0,153519315
1808;27/12/2012;A25;NA;0,064855879;0,153394531
1813;28/12/2012;A25;NA;0,064586372;0,153207538
1818;29/12/2012;A25;NA;0,064195182;0,152765485
1823;30/12/2012;A25;NA;0,063760283;0,152220537
1828;31/12/2012;A25;NA;0,064583998;0,151937687
5;01/01/2012;A35;0,148963;0,064379231;0,138927618
10;02/01/2012;A35;0,14904;0,064813457;0,139191178
15;03/01/2012;A35;0,149299;0,064817118;0,139372914
20;04/01/2012;A35;0,149184;0,065417906;0,139849307
25;05/01/2012;A35;0,149279;0,0655121;0,140029914
30;06/01/2012;A35;0,149663;0,065644997;0,140391725
35;07/01/2012;A35;0,15003;0,065639783;0,140508664
40;08/01/2012;A35;0,149671;0,065950869;0,140844492
45;09/01/2012;A35;0,14972;0,066302808;0,141239738
50;10/01/2012;A35;0,150032;0,066017341;0,141279741
55;11/01/2012;A35;0,15052;0,066089805;0,14137035
60;12/01/2012;A35;0,150787;0,065912182;0,14145291
65;13/01/2012;A35;0,150759;0,067016611;0,142113026
70;14/01/2012;A35;0,150484;0,067574779;0,142602229
75;15/01/2012;A35;0,149805;0,067388483;0,142691782
80;16/01/2012;A35;0,149752;0,067976148;0,143144336
85;17/01/2012;A35;0,149142;0,068064877;0,143253626
90;18/01/2012;A35;0,147502;0,067438454;0,14301359
95;19/01/2012;A35;0,14722;0,067372729;0,142918894
100;20/01/2012;A35;0,14734;0,067528488;0,142956851
105;21/01/2012;A35;0,147549;0,06812075;0,143246014
110;22/01/2012;A35;0,147241;0,067819871;0,143219936
115;23/01/2012;A35;0,147307;0,067175324;0,143023232
120;24/01/2012;A35;0,14791;0,069026534;0,143949569
125;25/01/2012;A35;0,147681;0,069032945;0,144078067
130;26/01/2012;A35;0,146646;0,069162427;0,144280604
135;27/01/2012;A35;0,147004;0,069465755;0,14459537
140;28/01/2012;A35;0,147931;0,069502575;0,144860872
145;29/01/2012;A35;0,145928;0,069654972;0,145240944
150;30/01/2012;A35;0,146243;0,070700982;0,146125963
155;31/01/2012;A35;0,146923;0,072297925;0,147392271
160;01/02/2012;A35;0,146819;0,073620518;0,148699706
165;02/02/2012;A35;0,14708;0,073317163;0,149259566
170;03/02/2012;A35;0,147201;0,072870077;0,149773979
175;04/02/2012;A35;0,146896;0,072397725;0,15041269
180;05/02/2012;A35;0,146682;0,072193201;0,151103758
185;06/02/2012;A35;0,146814;0,072181422;0,151945856
190;07/02/2012;A35;0,147042;0,072055808;0,152675776
195;08/02/2012;A35;0,146605;0,071928783;0,153372232
200;09/02/2012;A35;0,145702;0,071713477;0,154011752
205;10/02/2012;A35;0,14465;0,071787161;0,15465929
210;11/02/2012;A35;0,144136;0,071898365;0,155329575
215;12/02/2012;A35;0,143534;0,071498757;0,155676689
220;13/02/2012;A35;0,143063;0,070863132;0,156507694
225;14/02/2012;A35;0,142666;0,070320798;0,157537731
230;15/02/2012;A35;0,142161;0,06992389;0,15849697
235;16/02/2012;A35;0,140568;0,069285852;0,159304766
240;17/02/2012;A35;0,144315;0,069019195;0,160278174
245;18/02/2012;A35;0,145495;0,068830488;0,161346604
250;19/02/2012;A35;0,146058;0,069083638;0,162596836
255;20/02/2012;A35;0,145227;0,069076804;0,163765948
260;21/02/2012;A35;0,146457;0,071414518;0,166145931
265;22/02/2012;A35;0,147203;0,071341833;0,167393677
270;23/02/2012;A35;0,147522;0,071173336;0,168407128
275;24/02/2012;A35;0,148541;0,070659045;0,169176111
280;25/02/2012;A35;0,148817;0,070756749;0,170191593
285;26/02/2012;A35;0,148593;0,072184152;0,17188739
290;27/02/2012;A35;0,145774;0,071942821;0,17287894
295;28/02/2012;A35;0,145583;0,071785023;0,173752465
300;29/02/2012;A35;0,145696;0,071702709;0,174577195
305;01/03/2012;A35;0,146013;0,072739613;0,175940988
310;02/03/2012;A35;0,146541;0,073108565;0,177179157
315;03/03/2012;A35;0,149563;0,073625463;0,178464471
320;04/03/2012;A35;0,150736;0,073944407;0,179630333
325;05/03/2012;A35;0,149194;0,074136643;0,180878194
330;06/03/2012;A35;0,147646;0,074022263;0,181990866
335;07/03/2012;A35;0,147552;0,073821487;0,182491893
340;08/03/2012;A35;0,14807;0,073860038;0,183563112
345;09/03/2012;A35;0,147077;0,074092662;0,184799806
350;10/03/2012;A35;0,147077;0,074213101;0,185920182
355;11/03/2012;A35;0,148455;0,074107242;0,186737728
360;12/03/2012;A35;0,148187;0,074157418;0,186585207
365;13/03/2012;A35;0,148485;0,073886794;0,186163462
370;14/03/2012;A35;0,149454;0,073782024;0,185937153
375;15/03/2012;A35;0,149593;0,073770732;0,18575869
380;16/03/2012;A35;0,15115;0,073323594;0,185247008
385;17/03/2012;A35;0,150121;0,072958358;0,184896811
390;18/03/2012;A35;0,150252;0,073360881;0,18478118
395;19/03/2012;A35;0,148882;0,073027767;0,18435628
400;20/03/2012;A35;0,145727;0,072870262;0,184009801
405;21/03/2012;A35;0,14613;0,07291105;0,18376229
410;22/03/2012;A35;0,146921;0,072565023;0,183440002
415;23/03/2012;A35;0,148313;0,072107345;0,182930021
420;24/03/2012;A35;0,149109;0,072216019;0,182776042
425;25/03/2012;A35;0,148112;0,071973618;0,182462514
430;26/03/2012;A35;0,147216;0,071741438;0,182146737
435;27/03/2012;A35;0,147119;0,071535336;0,181837176
440;28/03/2012;A35;0,147817;0,071221849;0,181470494
445;29/03/2012;A35;0,149076;0,071133503;0,181203006
450;30/03/2012;A35;0,150117;0,07097486;0,180876744
455;31/03/2012;A35;0,148363;0,070879917;0,180698165
460;01/04/2012;A35;0,146848;0,070617095;0,180436513
465;02/04/2012;A35;0,146026;0,070423436;0,180059754
470;03/04/2012;A35;0,144653;0,070404309;0,17989836
475;04/04/2012;A35;0,143734;0,07075872;0,179790469
480;05/04/2012;A35;0,14356;0,070812364;0,179674855
485;06/04/2012;A35;0,143692;0,070716611;0,179467772
490;07/04/2012;A35;0,145553;0,07048271;0,179229743
495;08/04/2012;A35;0,146602;0,070458376;0,178959554
500;09/04/2012;A35;0,146637;0,070405055;0,178792502
505;10/04/2012;A35;0,145894;0,070726905;0,178815031
510;11/04/2012;A35;0,146305;0,070492312;0,178446548
515;12/04/2012;A35;0,145331;0,070693053;0,178423609
520;13/04/2012;A35;0,144443;0,070805949;0,17840698
525;14/04/2012;A35;0,143911;0,070551905;0,178053242
530;15/04/2012;A35;0,145139;0,070361874;0,177858244
535;16/04/2012;A35;0,1454;0,070536058;0,177710912
540;17/04/2012;A35;0,145539;0,070429027;0,177421901
545;18/04/2012;A35;0,145372;0,070417632;0,178284909
550;19/04/2012;A35;0,144963;0,070356232;0,179202077
555;20/04/2012;A35;0,144337;0,070378561;0,179971342
560;21/04/2012;A35;0,145246;0,070495343;0,180866006
565;22/04/2012;A35;0,145627;0,070803605;0,181705729
570;23/04/2012;A35;0,146772;0,071194741;0,182603452
575;24/04/2012;A35;0,147752;0,071219143;0,18330271
580;25/04/2012;A35;0,146639;0,071368439;0,184062604
585;26/04/2012;A35;0,146752;0,071714933;0,184762726
590;27/04/2012;A35;0,147582;0,07172471;0,185436871
595;28/04/2012;A35;0,148115;0,071607818;0,185899739
600;29/04/2012;A35;0,148338;0,071347881;0,186184736
605;30/04/2012;A35;0,148738;0,071056662;0,186541444
610;01/05/2012;A35;0,148777;0,070823514;0,186639586
615;02/05/2012;A35;0,148284;0,071291339;0,18724522
620;03/05/2012;A35;0,148842;0,071795851;0,187674786
625;04/05/2012;A35;0,149182;0,072806148;0,188560882
630;05/05/2012;A35;0,15006;0,073825242;0,188595163
635;06/05/2012;A35;0,150444;0,073549078;0,188008163
640;07/05/2012;A35;0,150889;0,07338061;0,188296804
645;08/05/2012;A35;0,151381;0,07335995;0,189047196
650;09/05/2012;A35;0,152247;0,073578822;0,189774938
655;10/05/2012;A35;0,153174;0,074130937;0,190520096
660;11/05/2012;A35;0,15336;0,074550192;0,191297264
665;12/05/2012;A35;0,153388;0,074365336;0,191994981
670;13/05/2012;A35;0,153432;0,074552216;0,192796782
675;14/05/2012;A35;0,153264;0,074633217;0,193651602
680;15/05/2012;A35;0,153485;0,074692375;0,194435225
685;16/05/2012;A35;0,153738;0,075669376;0,195740352
690;17/05/2012;A35;0,154072;0,075865042;0,196566005
695;18/05/2012;A35;0,155094;0,075746657;0,197205175
700;19/05/2012;A35;0,155996;0,075845533;0,198018932
705;20/05/2012;A35;0,156196;0,076191156;0,198784895
710;21/05/2012;A35;0,156252;0,07652479;0,199665754
715;22/05/2012;A35;0,156416;0,076737915;0,20044718
720;23/05/2012;A35;0,156281;0,077278212;0,20135522
725;24/05/2012;A35;0,15626;0,077451874;0,202089348
730;25/05/2012;A35;0,15637;0,07779008;0,202866962
735;26/05/2012;A35;0,156722;0,078127673;0,203588194
740;27/05/2012;A35;0,156912;0,078479893;0,20446353
745;28/05/2012;A35;0,157141;0,078891088;0,20519639
750;29/05/2012;A35;0,15747;0,079106281;0,205817765
755;30/05/2012;A35;0,157678;0,079360813;0,20627447
760;31/05/2012;A35;0,157787;0,079620508;0,206590189
765;01/06/2012;A35;0,158106;0,0797712;0,206980943
770;02/06/2012;A35;0,158344;0,080166472;0,207330932
775;03/06/2012;A35;0,158549;0,080030557;0,20700166
780;04/06/2012;A35;0,158832;0,080251383;0,207277326
785;05/06/2012;A35;0,159396;0,081005959;0,207556891
790;06/06/2012;A35;0,15973;0,081006496;0,207406439
795;07/06/2012;A35;0,159813;0,081359487;0,20670681
800;08/06/2012;A35;0,159973;0,080838779;0,205618132
805;09/06/2012;A35;0,160323;0,080753694;0,204558525
810;10/06/2012;A35;0,161235;0,08031693;0,203415218
815;11/06/2012;A35;0,162138;0,07962247;0,202996071
820;12/06/2012;A35;0,161973;0,079025534;0,202563053
825;13/06/2012;A35;0,161173;0,078603706;0,202392881
830;14/06/2012;A35;0,160668;0,078140205;0,20211089
835;15/06/2012;A35;0,160764;0,078101563;0,202042562
840;16/06/2012;A35;0,161172;0,077804908;0,20130618
845;17/06/2012;A35;0,161526;0,078262139;0,200900026
850;18/06/2012;A35;0,161727;0,07796377;0,20087188
855;19/06/2012;A35;0,161903;0,077343013;0,200679167
860;20/06/2012;A35;0,162097;0,077343829;0,200062715
865;21/06/2012;A35;0,162188;0,077252624;0,199148637
870;22/06/2012;A35;0,162276;0,076520523;0,198027402
875;23/06/2012;A35;0,162999;0,074300361;0,195517063
880;24/06/2012;A35;0,163111;0,077707891;0,19566532
885;25/06/2012;A35;0,163056;0,086286556;0,199118985
890;26/06/2012;A35;0,162971;0,084644506;0,198714377
895;27/06/2012;A35;0,162807;0,083271428;0,198403661
900;28/06/2012;A35;0,163355;0,082089816;0,198677565
905;29/06/2012;A35;0,163416;0,084697522;0,201652914
910;30/06/2012;A35;0,163072;0,08529184;0,203860724
915;01/07/2012;A35;0,162914;0,084616662;0,204430682
920;02/07/2012;A35;0,16293;0,084183925;0,205691044
925;03/07/2012;A35;0,163167;0,084969211;0,207592081
930;04/07/2012;A35;0,163533;0,085318326;0,209357927
935;05/07/2012;A35;0,163747;0,085764298;0,211203162
940;06/07/2012;A35;0,1639;0,085801437;0,212979701
945;07/07/2012;A35;0,163825;0,085558535;0,214649595
950;08/07/2012;A35;0,163906;0,085763719;0,216296459
955;09/07/2012;A35;0,163997;0,085724393;0,217775232
960;10/07/2012;A35;0,165026;0,085698558;0,219094705
965;11/07/2012;A35;0,167695;0,086785181;0,220956224
970;12/07/2012;A35;0,167919;0,086796703;0,222309484
975;13/07/2012;A35;0,166635;0,086670979;0,223534019
980;14/07/2012;A35;0,165858;0,086500895;0,224732418
985;15/07/2012;A35;0,16556;0,08631365;0,225993972
990;16/07/2012;A35;0,165585;0,085834944;0,226912889
995;17/07/2012;A35;0,167653;0,085114972;0,227603699
1000;18/07/2012;A35;0,169973;0,084553125;0,228359663
1005;19/07/2012;A35;0,169525;0,084754267;0,229427975
1010;20/07/2012;A35;0,168625;0,085195202;0,230609397
1015;21/07/2012;A35;0,16787;0,085234146;0,231088299
1020;22/07/2012;A35;0,16768;0,084993122;0,231996279
1025;23/07/2012;A35;0,167878;0,084887933;0,232872649
1030;24/07/2012;A35;0,168049;0,084756148;0,23383564
1035;25/07/2012;A35;0,168087;0,084727894;0,234768647
1040;26/07/2012;A35;0,16814;0,085294332;0,235965878
1045;27/07/2012;A35;0,168273;0,085211152;0,236834183
1050;28/07/2012;A35;0,168367;0,085142084;0,237639941
1055;29/07/2012;A35;0,168479;0,08503556;0,238542256
1060;30/07/2012;A35;0,168597;0,086420723;0,239987132
1065;31/07/2012;A35;0,169502;0,086643784;0,241078935
1070;01/08/2012;A35;0,173007;0,087308468;0,24201703
1075;02/08/2012;A35;0,172573;0,087363686;0,242685966
1080;03/08/2012;A35;0,172978;0,087097409;0,242928118
1085;04/08/2012;A35;0,172843;0,087033282;0,24319609
1090;05/08/2012;A35;0,172709;0,087454352;0,242760535
1095;06/08/2012;A35;0,172539;0,087511369;0,24315135
1100;07/08/2012;A35;0,173271;0,087509545;0,243506644
1105;08/08/2012;A35;0,174433;0,087627419;0,243871602
1110;09/08/2012;A35;0,174606;0,088834284;0,244952894
1115;10/08/2012;A35;0,174571;0,088504846;0,245498124
1120;11/08/2012;A35;0,174521;0,088406256;0,245910478
1125;12/08/2012;A35;0,174254;0,088204067;0,24547108
1130;13/08/2012;A35;0,173981;0,08936037;0,246434315
1135;14/08/2012;A35;0,173777;0,090015951;0,247230416
1140;15/08/2012;A35;0,174387;0,089652998;0,247564767
1145;16/08/2012;A35;0,175179;0,089382067;0,247886123
1150;17/08/2012;A35;0,175862;0,08922502;0,248215865
1155;18/08/2012;A35;0,17604;0,089384504;0,248992414
1160;19/08/2012;A35;0,17611;0,089052993;0,2484055
1165;20/08/2012;A35;0,175906;0,088883478;0,24876078
1170;21/08/2012;A35;0,175616;0,089076473;0,249322448
1175;22/08/2012;A35;0,175625;0,089127297;0,249765764
1180;23/08/2012;A35;0,175456;0,089001446;0,250253593
1185;24/08/2012;A35;0,175676;0,088856953;0,250560173
1190;25/08/2012;A35;0,176267;0,088783974;0,250622438
1195;26/08/2012;A35;0,176166;0,088588636;0,250076538
1200;27/08/2012;A35;0,175888;0,08847757;0,250251249
1205;28/08/2012;A35;0,176073;0,088297306;0,250389435
1210;29/08/2012;A35;0,176001;0,088130885;0,250523346
1215;30/08/2012;A35;0,175842;0,088034284;0,250686583
1220;31/08/2012;A35;0,175792;0,088158366;0,250940079
1225;01/09/2012;A35;0,176272;0,088002157;0,25099068
1230;02/09/2012;A35;0,176259;0,087678978;0,250278633
1235;03/09/2012;A35;0,175724;0,087622595;0,25035282
1240;04/09/2012;A35;0,175568;0,087697668;0,250457141
1245;05/09/2012;A35;0,17771;0,087741136;0,250812091
1250;06/09/2012;A35;0,177153;0,087670153;0,251091257
1255;07/09/2012;A35;0,176777;0,087507894;0,251286929
1260;08/09/2012;A35;0,176057;0,087374176;0,251454666
1265;09/09/2012;A35;0,175597;0,087366115;0,251649918
1270;10/09/2012;A35;0,175419;0,087575039;0,251919499
1275;11/09/2012;A35;0,175306;0,088146194;0,252364891
1280;12/09/2012;A35;0,175235;0,088284402;0,252632077
1285;13/09/2012;A35;0,175193;0,088495216;0,252927355
1290;14/09/2012;A35;0,175025;0,088666571;0,253202525
1295;15/09/2012;A35;0,177071;0,088829167;0,253606257
1300;16/09/2012;A35;0,17764;0,089099239;0,253825051
1305;17/09/2012;A35;0,177196;0,0890877;0,254121563
1310;18/09/2012;A35;0,176219;0,08906012;0,254193756
1315;19/09/2012;A35;0,176162;0,08940411;0,254585072
1320;20/09/2012;A35;0,176499;0,090243818;0,255218602
1325;21/09/2012;A35;0,175324;0,090273902;0,255342679
1330;22/09/2012;A35;0,175507;0,091191028;0,255888605
1335;23/09/2012;A35;0,175647;0,092000887;0,25645986
1340;24/09/2012;A35;0,175626;0,092144003;0,256767916
1345;25/09/2012;A35;0,176766;0,092805144;0,257282229
1350;26/09/2012;A35;0,176879;0,093388789;0,257976298
1355;27/09/2012;A35;0,17636;0,09385352;0,258450399
1360;28/09/2012;A35;0,176867;0,094029654;0,258837191
1365;29/09/2012;A35;0,178244;0,094145789;0,259004216
1370;30/09/2012;A35;0,178963;0,09377352;0,258627997
1375;01/10/2012;A35;0,178856;0,093664164;0,258463375
1380;02/10/2012;A35;0,17821;0,093951915;0,258428152
1385;03/10/2012;A35;0,177652;0,094033768;0,258306985
1390;04/10/2012;A35;0,177586;0,093857737;0,258082371
1395;05/10/2012;A35;0,177251;0,093898483;0,25791101
1400;06/10/2012;A35;0,177106;0,094304089;0,258387845
1405;07/10/2012;A35;0,176963;0,094724155;0,258854094
1410;08/10/2012;A35;0,176954;0,09479394;0,258612833
1415;09/10/2012;A35;0,177444;0,09492999;0,258364015
1420;10/10/2012;A35;0,177598;0,095176162;0,258141618
1425;11/10/2012;A35;0,177442;0,095289939;0,257850773
1430;12/10/2012;A35;0,177156;0,095086192;0,257416076
1435;13/10/2012;A35;0,178564;0,094827725;0,256718646
1440;14/10/2012;A35;0,179304;0,094567229;0,255860925
1445;15/10/2012;A35;0,179544;0,094338052;0,255321788
1450;16/10/2012;A35;0,179188;0,094329692;0,254753677
1455;17/10/2012;A35;0,178842;0,095049383;0,25451316
1460;18/10/2012;A35;0,178757;0,095709735;0,255043304
1465;19/10/2012;A35;0,178539;0,095883407;0,255545858
1470;20/10/2012;A35;0,178441;0,096346772;0,256112756
1475;21/10/2012;A35;0,178558;0,096938663;0,256699059
1480;22/10/2012;A35;0,178365;0,097117751;0,25711914
1485;23/10/2012;A35;0,17819;0,097977971;0,257821891
1490;24/10/2012;A35;0,17812;0,098301079;0,258156041
1495;25/10/2012;A35;0,17832;0,098500035;0,258507963
1500;26/10/2012;A35;0,178432;0,098462115;0,258473069
1505;27/10/2012;A35;0,17841;0,098321288;0,2584363
1510;28/10/2012;A35;0,178398;0,097877488;0,258272915
1515;29/10/2012;A35;0,178452;0,097966983;0,258398931
1520;30/10/2012;A35;0,178689;0,098252011;0,25849299
1525;31/10/2012;A35;0,178721;0,099510592;0,258697041
1530;01/11/2012;A35;0,17921;0,09969398;0,258749721
1535;02/11/2012;A35;0,179446;0,099527393;0,25810847
1540;03/11/2012;A35;0,179992;0,099239183;0,257416884
1545;04/11/2012;A35;0,18092;0,100284859;0,257143603
1550;05/11/2012;A35;0,181069;0,099971691;0,256759381
1555;06/11/2012;A35;0,181017;0,099491511;0,255995047
1560;07/11/2012;A35;0,181415;0,099507997;0,255735775
1565;08/11/2012;A35;0,182006;0,099596202;0,255760298
1570;09/11/2012;A35;0,182096;0,099759211;0,255779594
1575;10/11/2012;A35;0,182174;0,099795097;0,255752242
1580;11/11/2012;A35;0,182112;0,099641827;0,255692259
1585;12/11/2012;A35;0,181695;0,099587433;0,255401311
1590;13/11/2012;A35;0,181586;0,09994013;0,255276047
1595;14/11/2012;A35;0,181793;0,099700579;0,254987301
1600;15/11/2012;A35;0,183283;0,09884409;0,253852802
1605;16/11/2012;A35;0,18359;0,098611606;0,253622914
1610;17/11/2012;A35;0,184122;0,098221649;0,252686411
1615;18/11/2012;A35;0,184004;0,097752237;0,251717992
1620;19/11/2012;A35;0,183764;0,09774721;0,251601
1625;20/11/2012;A35;0,183877;0,097930166;0,25151528
1630;21/11/2012;A35;0,183637;0,097916812;0,251368871
1635;22/11/2012;A35;0,183661;0,098139041;0,251286157
1640;23/11/2012;A35;0,184357;0,09856221;0,251217292
1645;24/11/2012;A35;0,184049;0,098774374;0,251076866
1650;25/11/2012;A35;0,183889;0,098545553;0,250250709
1655;26/11/2012;A35;0,183955;0,099053012;0,250309912
1660;27/11/2012;A35;0,184493;0,099417226;0,250105672
1665;28/11/2012;A35;0,184935;0,099708002;0,249910079
1670;29/11/2012;A35;0,184766;0,099788245;0,249667074
1675;30/11/2012;A35;0,184851;0,099671602;0,249157395
1680;01/12/2012;A35;0,185594;0,0990697;0,248059399
1685;02/12/2012;A35;0,185866;0,0986956;0,247007138
1690;03/12/2012;A35;0,185753;0,098735634;0,246555141
1695;04/12/2012;A35;0,185669;0,099728722;0,246451769
1700;05/12/2012;A35;0,185695;0,099347059;0,245790226
1705;06/12/2012;A35;0,185626;0,099218627;0,245450838
1710;07/12/2012;A35;0,185669;0,098950058;0,244883667
1715;08/12/2012;A35;0,185769;0,099236029;0,243963079
1720;09/12/2012;A35;0,185901;0,099498353;0,243092178
1725;10/12/2012;A35;0,186023;0,099901596;0,243015006
1730;11/12/2012;A35;0,186027;0,101138891;0,243208439
1735;12/12/2012;A35;0,186059;0,101408162;0,243194677
1740;13/12/2012;A35;0,186039;0,101200017;0,242865434
1745;14/12/2012;A35;0,186194;0,10291277;0,243027679
1750;15/12/2012;A35;0,186921;0,102729497;0,242052872
1755;16/12/2012;A35;0,188147;0,101371785;0,240690235
1760;17/12/2012;A35;0,187822;0,100621272;0,240167562
1765;18/12/2012;A35;0,186889;0,101758585;0,240303201
1770;19/12/2012;A35;0,186742;0,102709066;0,240385742
1775;20/12/2012;A35;0,186654;0,102718442;0,240413109
1780;21/12/2012;A35;0,186694;0,102749896;0,240650596
1785;22/12/2012;A35;0,186904;0,102374357;0,239963909
1790;23/12/2012;A35;0,187036;0,102025007;0,239434436
1795;24/12/2012;A35;0,188043;0,101862312;0,238926384
1800;25/12/2012;A35;0,188923;0,100859073;0,238033953
1805;26/12/2012;A35;0,188631;0,100894202;0,238166488
1810;27/12/2012;A35;0,188495;0,100613063;0,237972905
1815;28/12/2012;A35;0,188389;0,100194968;0,237682814
1820;29/12/2012;A35;0,188425;0,099588101;0,236997028
1825;30/12/2012;A35;0,188346;0,098913429;0,236151611
1830;31/12/2012;A35;0,188283;0,100191285;0,235712806
1;01/01/2012;B12;0,0654324;0,023539024;0,050735413
6;02/01/2012;B12;0,0654008;0,023697791;0,050831525
11;03/01/2012;B12;0,0654615;0,023699129;0,050897946
16;04/01/2012;B12;0,0654051;0,023918796;0,051071753
21;05/01/2012;B12;0,0654004;0,023953236;0,051137736
26;06/01/2012;B12;0,0654766;0,024001827;0,051269956
31;07/01/2012;B12;0,0655414;0,023999921;0,051312748
36;08/01/2012;B12;0,0653853;0,024113663;0,051435378
41;09/01/2012;B12;0,0652899;0,024242343;0,051579676
46;10/01/2012;B12;0,0652805;0,024137967;0,051594479
51;11/01/2012;B12;0,0653776;0,024164463;0,051627601
56;12/01/2012;B12;0,0654124;0,024099518;0,051657888
61;13/01/2012;B12;0,0653725;0,024503331;0,051898591
66;14/01/2012;B12;0,0652642;0,024707415;0,052077122
71;15/01/2012;B12;0,0650274;0,024639299;0,052109997
76;16/01/2012;B12;0,0649228;0,024854168;0,052275111
81;17/01/2012;B12;0,0646683;0,02488661;0,052314929
86;18/01/2012;B12;0,0640253;0,02465757;0,052227423
91;19/01/2012;B12;0,0638682;0,024633539;0,052192668
96;20/01/2012;B12;0,063866;0,024690489;0,05220629
101;21/01/2012;B12;0,0638772;0,024907038;0,0523115
106;22/01/2012;B12;0,0636736;0,024797028;0,052302034
111;23/01/2012;B12;0,0635805;0,024561361;0,0522304
116;24/01/2012;B12;0,0636583;0,025238221;0,052567806
121;25/01/2012;B12;0,063525;0,025240565;0,05261463
126;26/01/2012;B12;0,0630795;0,025287907;0,052688454
131;27/01/2012;B12;0,0631451;0,025398813;0,052803208
136;28/01/2012;B12;0,0633019;0,025412276;0,052900152
141;29/01/2012;B12;0,0625804;0,025467997;0,053038947
146;30/01/2012;B12;0,0626868;0,025850451;0,053361815
151;31/01/2012;B12;0,0629039;0,026434342;0,053823762
156;01/02/2012;B12;0,0628228;0,026917922;0,054301004
161;02/02/2012;B12;0,0628486;0,026807007;0,054505987
166;03/02/2012;B12;0,0628145;0,026643538;0,054694438
171;04/02/2012;B12;0,0626313;0,026470832;0,05492838
176;05/02/2012;B12;0,0624407;0,026396051;0,055181306
181;06/02/2012;B12;0,0623986;0,026391745;0,055489286
186;07/02/2012;B12;0,0623892;0,026345816;0,055756353
191;08/02/2012;B12;0,0621392;0,026299372;0,056011169
196;09/02/2012;B12;0,0617454;0,02622065;0,056245187
201;10/02/2012;B12;0,0612965;0,026247591;0,056481969
206;11/02/2012;B12;0,0610447;0,026288251;0,056727009
211;12/02/2012;B12;0,0607665;0,026142141;0,056854188
216;13/02/2012;B12;0,0605508;0,025909738;0,05715831
221;14/02/2012;B12;0,0603626;0,025711444;0,057535059
226;15/02/2012;B12;0,0601226;0,025566322;0,057885785
231;16/02/2012;B12;0,0595082;0,025333035;0,058181317
236;17/02/2012;B12;0,0609194;0,025235538;0,058537173
241;18/02/2012;B12;0,0613209;0,02516654;0,058927768
246;19/02/2012;B12;0,0614799;0,0252591;0,059384536
251;20/02/2012;B12;0,0611111;0,025256601;0,059811873
256;21/02/2012;B12;0,0614918;0,026111341;0,060680412
261;22/02/2012;B12;0,0616509;0,026084765;0,061136566
266;23/02/2012;B12;0,0617253;0,026023157;0,061507046
271;24/02/2012;B12;0,0620198;0,025835117;0,061788355
276;25/02/2012;B12;0,0620361;0,025870841;0,062159381
281;26/02/2012;B12;0,0619047;0,026392743;0,062778316
286;27/02/2012;B12;0,0608568;0,026304505;0,063140834
291;28/02/2012;B12;0,0607697;0,026246809;0,063460131
296;29/02/2012;B12;0,0607648;0,026216713;0,063761494
301;01/03/2012;B12;0,0608017;0,026595836;0,064259249
306;02/03/2012;B12;0,0609065;0,026730737;0,064711478
311;03/03/2012;B12;0,0618664;0,02691973;0,0651809
316;04/03/2012;B12;0,0622241;0,027036346;0,065606816
321;05/03/2012;B12;0,0616524;0,027106634;0,066062818
326;06/03/2012;B12;0,0610597;0,027064813;0,066469618
331;07/03/2012;B12;0,0609868;0,026991403;0,066652891
336;08/03/2012;B12;0,061098;0,027005498;0,067044414
341;09/03/2012;B12;0,0607021;0,027090553;0,067496288
346;10/03/2012;B12;0,0606736;0,027134589;0,067905727
351;11/03/2012;B12;0,0610973;0,027095884;0,068204596
356;12/03/2012;B12;0,0608707;0,02711423;0,068148753
361;13/03/2012;B12;0,0608931;0,027015281;0,067994724
366;14/03/2012;B12;0,061103;0,026976974;0,067912012
371;15/03/2012;B12;0,0610425;0,026972845;0,067846735
376;16/03/2012;B12;0,0614922;0,026809358;0,067659953
381;17/03/2012;B12;0,0611345;0,026675816;0,067532098
386;18/03/2012;B12;0,0611858;0,026822991;0,067489561
391;19/03/2012;B12;0,0606372;0,026701195;0,067334399
396;20/03/2012;B12;0,0594363;0,026643606;0,067207796
401;21/03/2012;B12;0,0595651;0,026658519;0,067117252
406;22/03/2012;B12;0,059789;0,026532001;0,066999613
411;23/03/2012;B12;0,0601295;0,02636466;0,066813458
416;24/03/2012;B12;0,0603169;0,026404395;0,066757096
421;25/03/2012;B12;0,0598988;0,026315765;0,066642628
426;26/03/2012;B12;0,0595475;0,026230873;0,066527331
431;27/03/2012;B12;0,0594671;0,026155516;0,066414288
436;28/03/2012;B12;0,0596642;0,026040896;0,06628043
441;29/03/2012;B12;0,060012;0,026008593;0,066182693
446;30/03/2012;B12;0,0603816;0,025950589;0,066063548
451;31/03/2012;B12;0,0597023;0,025915875;0,06599832
456;01/04/2012;B12;0,059129;0,025819779;0,065902828
461;02/04/2012;B12;0,0588168;0,025748971;0,065765264
466;03/04/2012;B12;0,0583069;0,025741978;0,06570627
471;04/04/2012;B12;0,0579664;0,025871561;0,065666638
476;05/04/2012;B12;0,0578872;0,025891175;0,06562434
481;06/04/2012;B12;0,0579027;0,025856165;0,065548736
486;07/04/2012;B12;0,058528;0,025770644;0,065461866
491;08/04/2012;B12;0,0588414;0,025761746;0,06536315
496;09/04/2012;B12;0,0588169;0,02574225;0,065302126
501;10/04/2012;B12;0,0585203;0,025859929;0,065310167
506;11/04/2012;B12;0,0586847;0,025774154;0,06517567
511;12/04/2012;B12;0,0582945;0,025847551;0,065167165
516;13/04/2012;B12;0,0579452;0,02588883;0,065161041
521;14/04/2012;B12;0,0577578;0,025795943;0,065031919
526;15/04/2012;B12;0,05818;0,025726462;0,064960732
531;16/04/2012;B12;0,0582164;0,025790149;0,064906798
536;17/04/2012;B12;0,0582639;0,025751015;0,064801254
541;18/04/2012;B12;0,0581853;0,025746849;0,06511671
546;19/04/2012;B12;0,0579961;0,025724399;0,065451957
551;20/04/2012;B12;0,0577516;0,025732563;0,065733122
556;21/04/2012;B12;0,0581076;0,025775263;0,06606003
561;22/04/2012;B12;0,0582501;0,025887972;0,066366764
566;23/04/2012;B12;0,0586658;0,026030984;0,066694615
571;24/04/2012;B12;0,0590118;0,026039906;0,066950132
576;25/04/2012;B12;0,0585772;0,026094493;0,067227701
581;26/04/2012;B12;0,0586054;0,026221182;0,067483356
586;27/04/2012;B12;0,0588922;0,026224757;0,067729653
591;28/04/2012;B12;0,0590806;0,026182018;0,067898796
596;29/04/2012;B12;0,059152;0,026086977;0,06800295
601;30/04/2012;B12;0,0592853;0,025980498;0,068133295
606;01/05/2012;B12;0,0592789;0,025895252;0,068169133
611;02/05/2012;B12;0,0590694;0,026066303;0,06839001
616;03/05/2012;B12;0,0592583;0,026250768;0,068546576
621;04/05/2012;B12;0,0593882;0,026620164;0,068869727
626;05/05/2012;B12;0,0596756;0,026992776;0,068881562
631;06/05/2012;B12;0,0597796;0,026891802;0,068667114
636;07/05/2012;B12;0,0599347;0,026830205;0,068772684
641;08/05/2012;B12;0,0601013;0,026822651;0,069046916
646;09/05/2012;B12;0,0603679;0,026902677;0,069312732
651;10/05/2012;B12;0,0606485;0,027104547;0,069584676
656;11/05/2012;B12;0,0606998;0,02725784;0,069868361
661;12/05/2012;B12;0,0606958;0,027190251;0,070123474
666;13/05/2012;B12;0,0606925;0,02725858;0,07041644
671;14/05/2012;B12;0,0606188;0,027288196;0,070728806
676;15/05/2012;B12;0,0606938;0,027309826;0,071015176
681;16/05/2012;B12;0,0607614;0,027667048;0,071491686
686;17/05/2012;B12;0,0608583;0,027738589;0,071793381
691;18/05/2012;B12;0,0611758;0,027695304;0,072027062
696;19/05/2012;B12;0,0614574;0,027731456;0,072324401
701;20/05/2012;B12;0,0615182;0,027857827;0,072604156
706;21/05/2012;B12;0,061535;0,027979814;0,072925888
711;22/05/2012;B12;0,0615838;0,028057739;0,073211358
716;23/05/2012;B12;0,0615369;0,028255288;0,073542942
721;24/05/2012;B12;0,0615191;0,028318784;0,073811136
726;25/05/2012;B12;0,0615431;0,028442442;0,074095135
731;26/05/2012;B12;0,0616364;0,028565877;0,07435856
736;27/05/2012;B12;0,0616738;0,028694659;0,074678246
741;28/05/2012;B12;0,0617193;0,028845005;0,07494586
746;29/05/2012;B12;0,0618013;0,028923686;0,075172822
751;30/05/2012;B12;0,0618511;0,029016751;0,075339566
756;31/05/2012;B12;0,0618863;0,029111703;0,075454839
761;01/06/2012;B12;0,0619802;0,029166801;0,075597539
766;02/06/2012;B12;0,0620541;0,029311324;0,075725222
771;03/06/2012;B12;0,0621142;0,02926163;0,075604922
776;04/06/2012;B12;0,0621902;0,02934237;0,075705489
781;05/06/2012;B12;0,0623274;0,029618267;0,075807244
786;06/06/2012;B12;0,0624148;0,029618463;0,075752094
791;07/06/2012;B12;0,0624579;0,029747527;0,075496072
796;08/06/2012;B12;0,0625077;0,02955714;0,07509825
801;09/06/2012;B12;0,062623;0,029526031;0,07471078
806;10/06/2012;B12;0,0629259;0,029366337;0,074292908
811;11/06/2012;B12;0,0632124;0,029112421;0,074139896
816;12/06/2012;B12;0,063166;0,028894162;0,073981827
821;13/06/2012;B12;0,0628928;0,028739929;0,073919763
826;14/06/2012;B12;0,062698;0,028570459;0,073816804
831;15/06/2012;B12;0,0626998;0,02855633;0,073791779
836;16/06/2012;B12;0,0628222;0,028447864;0,073522753
841;17/06/2012;B12;0,0629355;0,028615042;0,073374058
846;18/06/2012;B12;0,0629905;0,028505949;0,073363956
851;19/06/2012;B12;0,0630439;0,028278981;0,073293751
856;20/06/2012;B12;0,063101;0,028279279;0,073068189
861;21/06/2012;B12;0,0631329;0,028245932;0,072733773
866;22/06/2012;B12;0,0631606;0,027978253;0,072323934
871;23/06/2012;B12;0,0633838;0,027166494;0,07140709
876;24/06/2012;B12;0,0634161;0,028412392;0,071458947
881;25/06/2012;B12;0,0633932;0,031549015;0,072716099
886;26/06/2012;B12;0,0633492;0,030948631;0,072568941
891;27/06/2012;B12;0,0632744;0,030446591;0,072456144
896;28/06/2012;B12;0,0634513;0,030014558;0,072557059
901;29/06/2012;B12;0,06345;0,030968015;0,073643352
906;30/06/2012;B12;0,0633009;0,031185316;0,074450316
911;01/07/2012;B12;0,0632044;0,03093845;0,074659233
916;02/07/2012;B12;0,0631806;0,030780228;0,075120433
921;03/07/2012;B12;0,0632431;0,031067353;0,075815083
926;04/07/2012;B12;0,0633498;0,031195;0,076460592
931;05/07/2012;B12;0,0634006;0,031358062;0,077135086
936;06/07/2012;B12;0,0634315;0,031371641;0,077784733
941;07/07/2012;B12;0,0633801;0,031282828;0,078395525
946;08/07/2012;B12;0,0633896;0,03135785;0,078997624
951;09/07/2012;B12;0,0634012;0,031343471;0,07953837
956;10/07/2012;B12;0,0637545;0,031334025;0,08002076
961;11/07/2012;B12;0,0645415;0,031731328;0,080700582
966;12/07/2012;B12;0,0646214;0,03173554;0,08119525
971;13/07/2012;B12;0,064208;0,031689572;0,081642937
976;14/07/2012;B12;0,0639149;0,031627384;0,082081144
981;15/07/2012;B12;0,0637796;0,031558921;0,082542398
986;16/07/2012;B12;0,0637701;0,031383892;0,08287854
991;17/07/2012;B12;0,0644532;0,031120648;0,083131428
996;18/07/2012;B12;0,0651531;0,030915219;0,083408044
1001;19/07/2012;B12;0,0650259;0,030988763;0,083798358
1006;20/07/2012;B12;0,0647024;0,031149982;0,08422987
1011;21/07/2012;B12;0,064388;0,031164221;0,084404834
1016;22/07/2012;B12;0,0642689;0,031076096;0,084736828
1021;23/07/2012;B12;0,0642998;0,031037635;0,085057207
1026;24/07/2012;B12;0,0643458;0,030989451;0,085409213
1031;25/07/2012;B12;0,0643507;0,03097912;0,085750214
1036;26/07/2012;B12;0,0643631;0,031186227;0,086187444
1041;27/07/2012;B12;0,0644056;0,031155814;0,086504813
1046;28/07/2012;B12;0,0644273;0,031130561;0,08679932
1051;29/07/2012;B12;0,0644545;0,031091613;0,087129086
1056;30/07/2012;B12;0,0644849;0,031598071;0,08765638
1061;31/07/2012;B12;0,0647872;0,031679629;0,088055264
1066;01/08/2012;B12;0,0658903;0,031922657;0,088397735
1071;02/08/2012;B12;0,0657751;0,031942847;0,08864217
1076;03/08/2012;B12;0,0659117;0,031845488;0,088730764
1081;04/08/2012;B12;0,0658564;0,031822041;0,088828651
1086;05/08/2012;B12;0,0657955;0,031975997;0,088669178
1091;06/08/2012;B12;0,065721;0,031996844;0,088811912
1096;07/08/2012;B12;0,0659297;0,031996177;0,088941725
1101;08/08/2012;B12;0,0662871;0,032039276;0,089075038
1106;09/08/2012;B12;0,0663351;0,032480543;0,089469562
1111;10/08/2012;B12;0,0663114;0,03236009;0,089669005
1116;11/08/2012;B12;0,0662815;0,032324042;0,089819763
1121;12/08/2012;B12;0,0661673;0,032250116;0,089659288
1126;13/08/2012;B12;0,066052;0,032672896;0,090010695
1131;14/08/2012;B12;0,0659607;0,032912596;0,090301318
1136;15/08/2012;B12;0,0661432;0,03277989;0,09042373
1141;16/08/2012;B12;0,0664088;0,032680829;0,090541323
1146;17/08/2012;B12;0,0666048;0,032623408;0,090661904
1151;18/08/2012;B12;0,0666358;0,03268172;0,090945628
1156;19/08/2012;B12;0,0665781;0,032560509;0,090731277
1161;20/08/2012;B12;0,0664889;0,032498529;0,090861189
1166;21/08/2012;B12;0,066363;0,032569094;0,091066343
1171;22/08/2012;B12;0,0663683;0,032587677;0,091228293
1176;23/08/2012;B12;0,066288;0,032541662;0,091406618
1181;24/08/2012;B12;0,0662986;0,032488831;0,091518694
1186;25/08/2012;B12;0,0664958;0,032462148;0,091541441
1191;26/08/2012;B12;0,0664672;0,032390726;0,091341977
1196;27/08/2012;B12;0,0662958;0,032350117;0,091405844
1201;28/08/2012;B12;0,0664475;0,032284207;0,091456375
1206;29/08/2012;B12;0,0664219;0,032223358;0,091505325
1211;30/08/2012;B12;0,0663517;0,032188038;0,091564939
1216;31/08/2012;B12;0,0663201;0,032233406;0,091657413
1221;01/09/2012;B12;0,0664581;0,032176291;0,0916759
1226;02/09/2012;B12;0,0664556;0,032058127;0,091415766
1231;03/09/2012;B12;0,0662475;0,032037512;0,091442818
1236;04/09/2012;B12;0,0661528;0,032064961;0,091480802
1241;05/09/2012;B12;0,0668826;0,032080854;0,091610396
1246;06/09/2012;B12;0,0667624;0,032054901;0,091712334
1251;07/09/2012;B12;0,0666033;0,031995574;0,091783795
1256;08/09/2012;B12;0,0662909;0,031946682;0,091845017
1261;09/09/2012;B12;0,0660989;0,031943735;0,09191622
1266;10/09/2012;B12;0,0660135;0,032020124;0,092014487
1271;11/09/2012;B12;0,0659559;0,032228956;0,092176839
1276;12/09/2012;B12;0,0659196;0,032279489;0,092274285
1281;13/09/2012;B12;0,0658971;0,032356569;0,092381958
1286;14/09/2012;B12;0,0658226;0,032419222;0,092482302
1291;15/09/2012;B12;0,0665554;0,032478672;0,092629648
1296;16/09/2012;B12;0,066747;0,032577418;0,092709415
1301;17/09/2012;B12;0,0665715;0,032573199;0,092817644
1306;18/09/2012;B12;0,0661609;0,032563115;0,092843921
1311;19/09/2012;B12;0,0661538;0,032688889;0,092986629
1316;20/09/2012;B12;0,0662831;0,032995911;0,093217636
1321;21/09/2012;B12;0,0658172;0,033006911;0,093262871
1326;22/09/2012;B12;0,0658625;0,033342241;0,093461843
1331;23/09/2012;B12;0,0659163;0,03363835;0,093670144
1336;24/09/2012;B12;0,0658949;0,033690678;0,093782577
1341;25/09/2012;B12;0,0662935;0,033932411;0,093970177
1346;26/09/2012;B12;0,0663517;0,034145809;0,09422349
1351;27/09/2012;B12;0,0661497;0,034315729;0,094396505
1356;28/09/2012;B12;0,0663163;0,034380129;0,094537702
1361;29/09/2012;B12;0,0667701;0,034422592;0,094598626
1366;30/09/2012;B12;0,0670396;0,034286479;0,094461221
1371;01/10/2012;B12;0,0670085;0,034246495;0,094401029
1376;02/10/2012;B12;0,0667415;0,034351706;0,094387978
1381;03/10/2012;B12;0,0665128;0,034381634;0,094343642
1386;04/10/2012;B12;0,0664929;0,034317271;0,094261593
1391;05/10/2012;B12;0,0663726;0,034332169;0,094198911
1396;06/10/2012;B12;0,0663134;0,034480471;0,094372952
1401;07/10/2012;B12;0,0662439;0,03463406;0,094543125
1406;08/10/2012;B12;0,0662239;0,034659576;0,094454931
1411;09/10/2012;B12;0,0663937;0,03470932;0,094363928
1416;10/10/2012;B12;0,0664391;0,034799328;0,094282524
1421;11/10/2012;B12;0,0663751;0,034840928;0,094176209
1426;12/10/2012;B12;0,0662473;0,034766432;0,094017426
1431;13/10/2012;B12;0,0667725;0,034671929;0,093762663
1436;14/10/2012;B12;0,0670385;0,034576683;0,09344931
1441;15/10/2012;B12;0,0671148;0,034492889;0,093252319
1446;16/10/2012;B12;0,0669729;0,034489833;0,093044603
1451;17/10/2012;B12;0,0668354;0,034752974;0,09295633
1456;18/10/2012;B12;0,0668187;0,034994419;0,093149786
1461;19/10/2012;B12;0,0667336;0,035057919;0,093333378
1466;20/10/2012;B12;0,0666801;0,035227339;0,093540374
1471;21/10/2012;B12;0,0667238;0,035443752;0,093754429
1476;22/10/2012;B12;0,0666453;0,035509233;0,093907871
1481;23/10/2012;B12;0,066572;0,035823756;0,094164318
1486;24/10/2012;B12;0,0665349;0,035941894;0,094286289
1491;25/10/2012;B12;0,0665997;0,036014638;0,094414722
1496;26/10/2012;B12;0,066637;0,036000773;0,094401848
1501;27/10/2012;B12;0,0666173;0,035949282;0,094388295
1506;28/10/2012;B12;0,066607;0,035787016;0,094328578
1511;29/10/2012;B12;0,0666255;0,035819738;0,094374472
1516;30/10/2012;B12;0,0667006;0,035923953;0,094408657
1521;31/10/2012;B12;0,0667185;0,036384129;0,094482749
1526;01/11/2012;B12;0,0668992;0,036451181;0,094501942
1531;02/11/2012;B12;0,0669652;0,036390271;0,094267707
1536;03/11/2012;B12;0,0671605;0,036284893;0,094015098
1541;04/11/2012;B12;0,0675194;0,036667225;0,093914899
1546;05/11/2012;B12;0,0675776;0,036552721;0,093774676
1551;06/11/2012;B12;0,0675411;0,036377152;0,093495573
1556;07/11/2012;B12;0,0676584;0,03638318;0,093400886
1561;08/11/2012;B12;0,0678619;0,036415431;0,093409877
1566;09/11/2012;B12;0,067885;0,036475031;0,09341693
1571;10/11/2012;B12;0,067881;0,036488152;0,093406972
1576;11/11/2012;B12;0,0678606;0,036432112;0,093385115
1581;12/11/2012;B12;0,0677192;0,036412224;0,093278808
1586;13/11/2012;B12;0,0676699;0,036541181;0,093232929
1591;14/11/2012;B12;0,067737;0,036453594;0,093127484
1596;15/11/2012;B12;0,068279;0,036140435;0,092713179
1601;16/11/2012;B12;0,0683745;0,036055432;0,092629279
1606;17/11/2012;B12;0,0685757;0,035912851;0,092287224
1611;18/11/2012;B12;0,068494;0,03574122;0,091933532
1616;19/11/2012;B12;0,0684098;0,035739382;0,091890836
1621;20/11/2012;B12;0,0684574;0,035806276;0,091859519
1626;21/11/2012;B12;0,0683724;0,035801394;0,091806048
1631;22/11/2012;B12;0,0683603;0,035882647;0,09177576
1636;23/11/2012;B12;0,0686055;0,036037371;0,091750493
1641;24/11/2012;B12;0,0684982;0,036114945;0,091699138
1646;25/11/2012;B12;0,0684342;0,036031281;0,091397362
1651;26/11/2012;B12;0,0684465;0,036216823;0,091418896
1656;27/11/2012;B12;0,0686429;0,036349991;0,091344215
1661;28/11/2012;B12;0,0688114;0,036456308;0,091272685
1666;29/11/2012;B12;0,0687487;0,036485647;0,091183873
1671;30/11/2012;B12;0,0687452;0,036442999;0,090997654
1676;01/12/2012;B12;0,0690343;0,036222925;0,090596569
1681;02/12/2012;B12;0,0691244;0,036086143;0,090212153
1686;03/12/2012;B12;0,0690808;0,03610078;0,090046955
1691;04/12/2012;B12;0,069035;0,036463884;0,090008864
1696;05/12/2012;B12;0,0690355;0,036324336;0,089767245
1701;06/12/2012;B12;0,0690044;0,036277377;0,089643189
1706;07/12/2012;B12;0,0690196;0,03617918;0,089435961
1711;08/12/2012;B12;0,0690506;0,03628374;0,089099447
1716;09/12/2012;B12;0,0690818;0,036379654;0,088781123
1721;10/12/2012;B12;0,0691352;0,036527092;0,088752878
1726;11/12/2012;B12;0,069132;0,036979485;0,088823344
1731;12/12/2012;B12;0,0691512;0,037077939;0,088818327
1736;13/12/2012;B12;0,0691398;0,037001834;0,088698144
1741;14/12/2012;B12;0,0691973;0,03762807;0,088756993
1746;15/12/2012;B12;0,0694551;0,037561059;0,088400764
1751;16/12/2012;B12;0,0699233;0,037064638;0,087903099
1756;17/12/2012;B12;0,0698028;0,036790227;0,087712283
1761;18/12/2012;B12;0,0694368;0,037206064;0,087761595
1766;19/12/2012;B12;0,0693685;0,037553589;0,087791473
1771;20/12/2012;B12;0,0693407;0,037557017;0,087801557
1776;21/12/2012;B12;0,0693595;0,037568518;0,087888539
1781;22/12/2012;B12;0,0694387;0,037431209;0,087637828
1786;23/12/2012;B12;0,0694752;0,037303476;0,087444556
1791;24/12/2012;B12;0,0698512;0,03724399;0,087259088
1796;25/12/2012;B12;0,0701733;0,036877175;0,086933386
1801;26/12/2012;B12;0,0700623;0,036890019;0,086982025
1806;27/12/2012;B12;0,0700011;0,036787226;0,086911503
1811;28/12/2012;B12;0,069954;0,036634357;0,086805774
1816;29/12/2012;B12;0,0699623;0,036412468;0,086555413
1821;30/12/2012;B12;0,0699412;0,036165787;0,086246704
1826;31/12/2012;B12;0,0699119;0,036633011;0,086086033
2;01/01/2012;T25;NA;0,035897012;0,077451468
7;02/01/2012;T25;NA;0,036139131;0,0775984
12;03/01/2012;T25;NA;0,036141172;0,077699714
17;04/01/2012;T25;NA;0,036476163;0,077965299
22;05/01/2012;T25;NA;0,036528684;0,078065985
27;06/01/2012;T25;NA;0,036602786;0,07826769
32;07/01/2012;T25;NA;0,036599879;0,078332881
37;08/01/2012;T25;NA;0,036773337;0,078520102
42;09/01/2012;T25;NA;0,036969573;0,078740447
47;10/01/2012;T25;NA;0,0368104;0,078762746
52;11/01/2012;T25;NA;0,036850805;0,078813258
57;12/01/2012;T25;NA;0,036751765;0,078859283
62;13/01/2012;T25;NA;0,03736758;0,079227291
67;14/01/2012;T25;NA;0,037678807;0,079500016
72;15/01/2012;T25;NA;0,037574931;0,079549939
77;16/01/2012;T25;NA;0,037902606;0,079802233
82;17/01/2012;T25;NA;0,03795208;0,079863159
87;18/01/2012;T25;NA;0,037602794;0,079729337
92;19/01/2012;T25;NA;0,037566147;0,079676539
97;20/01/2012;T25;NA;0,037652996;0,079697693
102;21/01/2012;T25;NA;0,037983233;0,079858895
107;22/01/2012;T25;NA;0,037815467;0,079844351
112;23/01/2012;T25;NA;0,037456076;0,079734684
117;24/01/2012;T25;NA;0,038488287;0,080251105
122;25/01/2012;T25;NA;0,038491861;0,080322735
127;26/01/2012;T25;NA;0,038564059;0,080435641
132;27/01/2012;T25;NA;0,03873319;0,080611115
137;28/01/2012;T25;NA;0,038753721;0,080759125
142;29/01/2012;T25;NA;0,038838695;0,080971008
147;30/01/2012;T25;NA;0,039421937;0,081464394
152;31/01/2012;T25;NA;0,040312371;0,082170349
157;01/02/2012;T25;NA;0,041049832;0,082899231
162;02/02/2012;T25;NA;0,040880685;0,083211344
167;03/02/2012;T25;NA;0,040631396;0,083498121
172;04/02/2012;T25;NA;0,040368019;0,083854192
177;05/02/2012;T25;NA;0,040253978;0,084239453
182;06/02/2012;T25;NA;0,040247411;0,084708912
187;07/02/2012;T25;NA;0,04017737;0,085115833
192;08/02/2012;T25;NA;0,040106542;0,085504098
197;09/02/2012;T25;NA;0,039986491;0,085860621
202;10/02/2012;T25;NA;0,040027576;0,086221614
207;11/02/2012;T25;NA;0,040089582;0,086595288
212;12/02/2012;T25;NA;0,039866766;0,086788796
217;13/02/2012;T25;NA;0,03951235;0,087252069
222;14/02/2012;T25;NA;0,039209951;0,087826301
227;15/02/2012;T25;NA;0,038988641;0,088361063
232;16/02/2012;T25;NA;0,038632879;0,088811394
237;17/02/2012;T25;NA;0,038484195;0,089354053
242;18/02/2012;T25;NA;0,038378974;0,089949685
247;19/02/2012;T25;NA;0,038520127;0,090646674
252;20/02/2012;T25;NA;0,038516317;0,091298438
257;21/02/2012;T25;NA;0,039819795;0,092625255
262;22/02/2012;T25;NA;0,039779267;0,093320858
267;23/02/2012;T25;NA;0,039685315;0,093885845
272;24/02/2012;T25;NA;0,039398553;0,094314542
277;25/02/2012;T25;NA;0,039453032;0,094880662
282;26/02/2012;T25;NA;0,040248933;0,095826053
287;27/02/2012;T25;NA;0,04011437;0,096378829
292;28/02/2012;T25;NA;0,040026384;0,096865806
297;29/02/2012;T25;NA;0,039980487;0,097325578
302;01/03/2012;T25;NA;0,04055865;0,098085875
307;02/03/2012;T25;NA;0,040764374;0,098776136
312;03/03/2012;T25;NA;0,041052589;0,09949268
317;04/03/2012;T25;NA;0,041230428;0,100142633
322;05/03/2012;T25;NA;0,041337616;0,100838298
327;06/03/2012;T25;NA;0,04127384;0,101458596
332;07/03/2012;T25;NA;0,041161889;0,101737908
337;08/03/2012;T25;NA;0,041183385;0,102335096
342;09/03/2012;T25;NA;0,041313093;0,103024534
347;10/03/2012;T25;NA;0,041380248;0,103649126
352;11/03/2012;T25;NA;0,041321223;0,104104894
357;12/03/2012;T25;NA;0,0413492;0,104019861
362;13/03/2012;T25;NA;0,041198304;0,103784737
367;14/03/2012;T25;NA;0,041139885;0,103658569
372;15/03/2012;T25;NA;0,041133589;0,103559074
377;16/03/2012;T25;NA;0,040884271;0,103273813
382;17/03/2012;T25;NA;0,04068062;0,103078577
387;18/03/2012;T25;NA;0,040905061;0,103014111
392;19/03/2012;T25;NA;0,040719322;0,102777231
397;20/03/2012;T25;NA;0,040631499;0,102584068
402;21/03/2012;T25;NA;0,040654242;0,10244608
407;22/03/2012;T25;NA;0,040461302;0,102266404
412;23/03/2012;T25;NA;0,040206106;0,101982091
417;24/03/2012;T25;NA;0,040266702;0,101896246
422;25/03/2012;T25;NA;0,040131542;0,101721454
427;26/03/2012;T25;NA;0,040002081;0,101545408
432;27/03/2012;T25;NA;0,039887162;0,101372828
437;28/03/2012;T25;NA;0,039712366;0,101168403
442;29/03/2012;T25;NA;0,039663105;0,101019278
447;30/03/2012;T25;NA;0,039574648;0,100837387
452;31/03/2012;T25;NA;0,039521709;0,100737827
457;01/04/2012;T25;NA;0,039375163;0,100591954
462;02/04/2012;T25;NA;0,039267181;0,100381911
467;03/04/2012;T25;NA;0,039256516;0,100291932
472;04/04/2012;T25;NA;0,039454131;0,100231781
477;05/04/2012;T25;NA;0,039484042;0,100167325
482;06/04/2012;T25;NA;0,039430652;0,100051874
487;07/04/2012;T25;NA;0,039300232;0,099919173
492;08/04/2012;T25;NA;0,039286663;0,099768541
497;09/04/2012;T25;NA;0,039256932;0,099675408
502;10/04/2012;T25;NA;0,039436391;0,099687966
507;11/04/2012;T25;NA;0,039305585;0,099482537
512;12/04/2012;T25;NA;0,039417516;0,099469746
517;13/04/2012;T25;NA;0,039480465;0,099460474
522;14/04/2012;T25;NA;0,039338814;0,099263265
527;15/04/2012;T25;NA;0,039232855;0,099154553
532;16/04/2012;T25;NA;0,039329977;0,099072415
537;17/04/2012;T25;NA;0,039270299;0,098911292
542;18/04/2012;T25;NA;0,039263945;0,099392407
547;19/04/2012;T25;NA;0,039229709;0,099903717
552;20/04/2012;T25;NA;0,039242159;0,100332572
557;21/04/2012;T25;NA;0,039307276;0,100831336
562;22/04/2012;T25;NA;0,039479158;0,10129947
567;23/04/2012;T25;NA;0,03969725;0,10179994
572;24/04/2012;T25;NA;0,039710857;0,102189767
577;25/04/2012;T25;NA;0,039794102;0,102613397
582;26/04/2012;T25;NA;0,039987303;0,103003705
587;27/04/2012;T25;NA;0,039992754;0,103379531
592;28/04/2012;T25;NA;0,039927577;0,103637573
597;29/04/2012;T25;NA;0,039782639;0,103796455
602;30/04/2012;T25;NA;0,039620259;0,103995315
607;01/05/2012;T25;NA;0,039490259;0,104050028
612;02/05/2012;T25;NA;0,039751112;0,104387664
617;03/05/2012;T25;NA;0,040032421;0,104627142
622;04/05/2012;T25;NA;0,04059575;0,105121132
627;05/05/2012;T25;NA;0,041163983;0,105140244
632;06/05/2012;T25;NA;0,041009998;0,104812998
637;07/05/2012;T25;NA;0,040916062;0,104973915
642;08/05/2012;T25;NA;0,040904543;0,105392254
647;09/05/2012;T25;NA;0,041026582;0,105797964
652;10/05/2012;T25;NA;0,041334435;0,106213383
657;11/05/2012;T25;NA;0,041568206;0,106646649
662;12/05/2012;T25;NA;0,041465132;0,107035621
667;13/05/2012;T25;NA;0,041569334;0,10748262
672;14/05/2012;T25;NA;0,0416145;0,107959178
677;15/05/2012;T25;NA;0,041647485;0,108396045
682;16/05/2012;T25;NA;0,042192248;0,109123647
687;17/05/2012;T25;NA;0,042301349;0,109583946
692;18/05/2012;T25;NA;0,042235339;0,109940282
697;19/05/2012;T25;NA;0,042290471;0,11039395
702;20/05/2012;T25;NA;0,042483186;0,110820973
707;21/05/2012;T25;NA;0,042669216;0,111312049
712;22/05/2012;T25;NA;0,042788051;0,111747693
717;23/05/2012;T25;NA;0,043089314;0,112253923
722;24/05/2012;T25;NA;0,043186145;0,112663198
727;25/05/2012;T25;NA;0,043374725;0,113096717
732;26/05/2012;T25;NA;0,043562962;0,113498803
737;27/05/2012;T25;NA;0,043759355;0,113986801
742;28/05/2012;T25;NA;0,043988632;0,114395371
747;29/05/2012;T25;NA;0,044108621;0,114741788
752;30/05/2012;T25;NA;0,044250545;0,114996402
757;31/05/2012;T25;NA;0,044395347;0,115172417
762;01/06/2012;T25;NA;0,044479371;0,115390264
767;02/06/2012;T25;NA;0,04469977;0,115585385
772;03/06/2012;T25;NA;0,044623985;0,115401822
777;04/06/2012;T25;NA;0,044747115;0,115555508
782;05/06/2012;T25;NA;0,045167857;0,115711367
787;06/06/2012;T25;NA;0,045168156;0,115627495
792;07/06/2012;T25;NA;0,045364979;0,115237459
797;08/06/2012;T25;NA;0,045074639;0,114630531
802;09/06/2012;T25;NA;0,045027197;0,114039811
807;10/06/2012;T25;NA;0,044783663;0,113402427
812;11/06/2012;T25;NA;0,044396441;0,113168756
817;12/06/2012;T25;NA;0,044063598;0,112927351
822;13/06/2012;T25;NA;0,043828392;0,112832482
827;14/06/2012;T25;NA;0,04356995;0,112675274
832;15/06/2012;T25;NA;0,043548403;0,112637182
837;16/06/2012;T25;NA;0,043382993;0,112226656
842;17/06/2012;T25;NA;0,043637938;0,11200023
847;18/06/2012;T25;NA;0,043471572;0,111984538
852;19/06/2012;T25;NA;0,043125446;0,111877103
857;20/06/2012;T25;NA;0,043125901;0,111533434
862;21/06/2012;T25;NA;0,043075046;0,111023844
867;22/06/2012;T25;NA;0,042666836;0,110398768
872;23/06/2012;T25;NA;0,041428904;0,108999279
877;24/06/2012;T25;NA;0,043328897;0,109081938
882;25/06/2012;T25;NA;0,048112248;0,11100734
887;26/06/2012;T25;NA;0,047196662;0,110781781
892;27/06/2012;T25;NA;0,046431052;0,110608565
897;28/06/2012;T25;NA;0,045772201;0,110761271
902;29/06/2012;T25;NA;0,047226224;0,112420016
907;30/06/2012;T25;NA;0,047557608;0,113650864
912;01/07/2012;T25;NA;0,047181137;0,113968619
917;02/07/2012;T25;NA;0,046939848;0,11467127
922;03/07/2012;T25;NA;0,047377714;0,115731092
927;04/07/2012;T25;NA;0,047572375;0,116715547
932;05/07/2012;T25;NA;0,047821044;0,117744259
937;06/07/2012;T25;NA;0,047841752;0,118734673
942;07/07/2012;T25;NA;0,047706313;0,119665635
947;08/07/2012;T25;NA;0,047820721;0,120583755
952;09/07/2012;T25;NA;0,047798793;0,121408166
957;10/07/2012;T25;NA;0,047784388;0,122143766
962;11/07/2012;T25;NA;0,048390275;0,123181552
967;12/07/2012;T25;NA;0,048396699;0,12393599
972;13/07/2012;T25;NA;0,048326597;0,124618666
977;14/07/2012;T25;NA;0,048231761;0,125286768
982;15/07/2012;T25;NA;0,048127355;0,12599008
987;16/07/2012;T25;NA;0,047860435;0,126502374
992;17/07/2012;T25;NA;0,047458988;0,126887499
997;18/07/2012;T25;NA;0,047145709;0,127308946
1002;19/07/2012;T25;NA;0,047257864;0,127904527
1007;20/07/2012;T25;NA;0,047503723;0,128563166
1012;21/07/2012;T25;NA;0,047525438;0,128830155
1017;22/07/2012;T25;NA;0,047391046;0,129336351
1022;23/07/2012;T25;NA;0,047332394;0,129824925
1027;24/07/2012;T25;NA;0,047258913;0,130361789
1032;25/07/2012;T25;NA;0,047243159;0,130881938
1037;26/07/2012;T25;NA;0,047558997;0,13154939
1042;27/07/2012;T25;NA;0,047512617;0,132033468
1047;28/07/2012;T25;NA;0,047474105;0,132482676
1052;29/07/2012;T25;NA;0,047414709;0,132985714
1057;30/07/2012;T25;NA;0,048187058;0,133791225
1062;31/07/2012;T25;NA;0,048311434;0,134399899
1067;01/08/2012;T25;NA;0,048682053;0,134922882
1072;02/08/2012;T25;NA;0,048712841;0,135295811
1077;03/08/2012;T25;NA;0,048564369;0,135430811
1082;04/08/2012;T25;NA;0,048528612;0,135580206
1087;05/08/2012;T25;NA;0,048763395;0,135337388
1092;06/08/2012;T25;NA;0,048795187;0,135555265
1097;07/08/2012;T25;NA;0,04879417;0,13575334
1102;08/08/2012;T25;NA;0,048859896;0,135956803
1107;09/08/2012;T25;NA;0,049532827;0,136559618
1112;10/08/2012;T25;NA;0,049349137;0,136863581
1117;11/08/2012;T25;NA;0,049294165;0,137093466
1122;12/08/2012;T25;NA;0,049181427;0,136848506
1127;13/08/2012;T25;NA;0,049826166;0,137385505
1132;14/08/2012;T25;NA;0,050191709;0,137829327
1137;15/08/2012;T25;NA;0,049989332;0,138015726
1142;16/08/2012;T25;NA;0,049838264;0,13819488
1147;17/08/2012;T25;NA;0,049750696;0,13837871
1152;18/08/2012;T25;NA;0,049839623;0,138811631
1157;19/08/2012;T25;NA;0,049654777;0,138484431
1162;20/08/2012;T25;NA;0,049560257;0,138682497
1167;21/08/2012;T25;NA;0,049667869;0,138995624
1172;22/08/2012;T25;NA;0,049696208;0,139242769
1177;23/08/2012;T25;NA;0,049626035;0,139514732
1182;24/08/2012;T25;NA;0,049545467;0,13968565
1187;25/08/2012;T25;NA;0,049504775;0,139720364
1192;26/08/2012;T25;NA;0,049395857;0,139416029
1197;27/08/2012;T25;NA;0,049333928;0,139513432
1202;28/08/2012;T25;NA;0,049233416;0,139590471
1207;29/08/2012;T25;NA;0,049140622;0,139665128
1212;30/08/2012;T25;NA;0,049086758;0,139756135
1217;31/08/2012;T25;NA;0,049155944;0,13989746
1222;01/09/2012;T25;NA;0,049068844;0,139925672
1227;02/09/2012;T25;NA;0,048888644;0,139528712
1232;03/09/2012;T25;NA;0,048857205;0,139570073
1237;04/09/2012;T25;NA;0,048899065;0,139628234
1242;05/09/2012;T25;NA;0,048923303;0,139826119
1247;06/09/2012;T25;NA;0,048883723;0,139981755
1252;07/09/2012;T25;NA;0,04879325;0,140090843
1257;08/09/2012;T25;NA;0,04871869;0,140184357
1262;09/09/2012;T25;NA;0,048714196;0,140293211
1267;10/09/2012;T25;NA;0,048830689;0,140443501
1272;11/09/2012;T25;NA;0,049149158;0,140691806
1277;12/09/2012;T25;NA;0,04922622;0,14084076
1282;13/09/2012;T25;NA;0,049343767;0,141005376
1287;14/09/2012;T25;NA;0,049439313;0,141158781
1292;15/09/2012;T25;NA;0,049529974;0,141383858
1297;16/09/2012;T25;NA;0,049680563;0,141505832
1302;17/09/2012;T25;NA;0,049674129;0,141671135
1307;18/09/2012;T25;NA;0,04965875;0,141711381
1312;19/09/2012;T25;NA;0,049850555;0,141929536
1317;20/09/2012;T25;NA;0,050318765;0,142282724
1322;21/09/2012;T25;NA;0,050335539;0,142351896
1327;22/09/2012;T25;NA;0,050846917;0,142656245
1332;23/09/2012;T25;NA;0,051298483;0,142974716
1337;24/09/2012;T25;NA;0,051378283;0,143146455
1342;25/09/2012;T25;NA;0,051746927;0,143433183
1347;26/09/2012;T25;NA;0,052072359;0,143820123
1352;27/09/2012;T25;NA;0,052331487;0,144084431
1357;28/09/2012;T25;NA;0,052429697;0,144300066
1362;29/09/2012;T25;NA;0,052494453;0,144393181
1367;30/09/2012;T25;NA;0,05228688;0,144183442
1372;01/10/2012;T25;NA;0,052225905;0,144091667
1377;02/10/2012;T25;NA;0,052386351;0,144072031
1382;03/10/2012;T25;NA;0,052431991;0,144004482
1387;04/10/2012;T25;NA;0,052333839;0,143879262
1392;05/10/2012;T25;NA;0,052356558;0,143783729
1397;06/10/2012;T25;NA;0,052582719;0,144049562
1402;07/10/2012;T25;NA;0,052816942;0,144309492
1407;08/10/2012;T25;NA;0,052855853;0,14417499
1412;09/10/2012;T25;NA;0,052931713;0,144036275
1417;10/10/2012;T25;NA;0,053068975;0,143912289
1422;11/10/2012;T25;NA;0,053132415;0,143750144
1427;12/10/2012;T25;NA;0,053018809;0,143507803
1432;13/10/2012;T25;NA;0,052874691;0,14311899
1437;14/10/2012;T25;NA;0,052729442;0,142640817
1442;15/10/2012;T25;NA;0,052601656;0,142340251
1447;16/10/2012;T25;NA;0,052596995;0,142023534
1452;17/10/2012;T25;NA;0,052998285;0,14188945
1457;18/10/2012;T25;NA;0,053366489;0,142185006
1462;19/10/2012;T25;NA;0,053463326;0,142465179
1467;20/10/2012;T25;NA;0,053721692;0,142781223
1472;21/10/2012;T25;NA;0,054051722;0,143108086
1477;22/10/2012;T25;NA;0,05415158;0,143342281
1482;23/10/2012;T25;NA;0,054631227;0,143734061
1487;24/10/2012;T25;NA;0,054811388;0,143920351
1492;25/10/2012;T25;NA;0,054922323;0,144116549
1497;26/10/2012;T25;NA;0,054901179;0,144097098
1502;27/10/2012;T25;NA;0,054822656;0,144076603
1507;28/10/2012;T25;NA;0,054575199;0,143985517
1512;29/10/2012;T25;NA;0,0546251;0,144055768
1517;30/10/2012;T25;NA;0,054784028;0,144108204
1522;31/10/2012;T25;NA;0,055485796;0,144221959
1527;01/11/2012;T25;NA;0,055588051;0,144251326
1532;02/11/2012;T25;NA;0,055495164;0,143893831
1537;03/11/2012;T25;NA;0,055334462;0,143508274
1542;04/11/2012;T25;NA;0,055917518;0,143355918
1547;05/11/2012;T25;NA;0,055742899;0,143141714
1552;06/11/2012;T25;NA;0,055475157;0,1427156
1557;07/11/2012;T25;NA;0,055484349;0,142571054
1562;08/11/2012;T25;NA;0,055533532;0,14258472
1567;09/11/2012;T25;NA;0,055624423;0,142595472
1572;10/11/2012;T25;NA;0,055644432;0,142580218
1577;11/11/2012;T25;NA;0,055558971;0,142546774
1582;12/11/2012;T25;NA;0,055528642;0,142384567
1587;13/11/2012;T25;NA;0,055725301;0,142314729
1592;14/11/2012;T25;NA;0,05559173;0,142153752
1597;15/11/2012;T25;NA;0,055114164;0,141521276
1602;16/11/2012;T25;NA;0,054984533;0,141393113
1607;17/11/2012;T25;NA;0,054767098;0,140871018
1612;18/11/2012;T25;NA;0,054505361;0,14033113
1617;19/11/2012;T25;NA;0,054502558;0,140265908
1622;20/11/2012;T25;NA;0,054604572;0,140218119
1627;21/11/2012;T25;NA;0,054597125;0,140136498
1632;22/11/2012;T25;NA;0,054721037;0,140090386
1637;23/11/2012;T25;NA;0,054956991;0,140051996
1642;24/11/2012;T25;NA;0,055075291;0,139973711
1647;25/11/2012;T25;NA;0,054947703;0,139513136
1652;26/11/2012;T25;NA;0,055230656;0,139546145
1657;27/11/2012;T25;NA;0,055433737;0,139432284
1662;28/11/2012;T25;NA;0,055595869;0,139323244
1667;29/11/2012;T25;NA;0,055640612;0,139187772
1672;30/11/2012;T25;NA;0,055575573;0,138903631
1677;01/12/2012;T25;NA;0,055239961;0,138291507
1682;02/12/2012;T25;NA;0,055031368;0,13770488
1687;03/12/2012;T25;NA;0,05505369;0,137452898
1692;04/12/2012;T25;NA;0,055607423;0,137395271
1697;05/12/2012;T25;NA;0,055394613;0,137026468
1702;06/12/2012;T25;NA;0,055323001;0,136837263
1707;07/12/2012;T25;NA;0,05517325;0,136521072
1712;08/12/2012;T25;NA;0,055332704;0,136007851
1717;09/12/2012;T25;NA;0,055478972;0,13552233
1722;10/12/2012;T25;NA;0,055703815;0,135479309
1727;11/12/2012;T25;NA;0,056393714;0,135587149
1732;12/12/2012;T25;NA;0,056543857;0,135579479
1737;13/12/2012;T25;NA;0,056427797;0,135395931
1742;14/12/2012;T25;NA;0,057382806;0,135486385
1747;15/12/2012;T25;NA;0,057280615;0,134942936
1752;16/12/2012;T25;NA;0,056523573;0,134183275
1757;17/12/2012;T25;NA;0,056105097;0,133891887
1762;18/12/2012;T25;NA;0,056739248;0,1339675
1767;19/12/2012;T25;NA;0,057269223;0,134013509
1772;20/12/2012;T25;NA;0,057274451;0,134028761
1777;21/12/2012;T25;NA;0,05729199;0,134161154
1782;22/12/2012;T25;NA;0,057082594;0,133778327
1787;23/12/2012;T25;NA;0,056887801;0,133483147
1792;24/12/2012;T25;NA;0,056797085;0,133199908
1797;25/12/2012;T25;NA;0,056237692;0,13270238
1802;26/12/2012;T25;NA;0,056257279;0,132776264
1807;27/12/2012;T25;NA;0,05610052;0,132668339
1812;28/12/2012;T25;NA;0,055867395;0,132506612
1817;29/12/2012;T25;NA;0,055529014;0,132124289
1822;30/12/2012;T25;NA;0,055152826;0,131652974
1827;31/12/2012;T25;NA;0,055865342;0,131408342
4;01/01/2012;T35;NA;0,046536651;0,100441629
9;02/01/2012;T35;NA;0,046850532;0,10063218
14;03/01/2012;T35;NA;0,046853178;0,100763573
19;04/01/2012;T35;NA;0,047287459;0,101107999
24;05/01/2012;T35;NA;0,047355547;0,101238576
29;06/01/2012;T35;NA;0,047451612;0,10150016
34;07/01/2012;T35;NA;0,047447843;0,101584707
39;08/01/2012;T35;NA;0,047672712;0,101827506
44;09/01/2012;T35;NA;0,047927112;0,102113263
49;10/01/2012;T35;NA;0,047720762;0,102142187
54;11/01/2012;T35;NA;0,047773142;0,102207698
59;12/01/2012;T35;NA;0,047644747;0,10226739
64;13/01/2012;T35;NA;0,048443086;0,102744645
69;14/01/2012;T35;NA;0,048846559;0,103098331
74;15/01/2012;T35;NA;0,048711894;0,103163079
79;16/01/2012;T35;NA;0,049136689;0,10349027
84;17/01/2012;T35;NA;0,049200827;0,103569289
89;18/01/2012;T35;NA;0,048748016;0,103395752
94;19/01/2012;T35;NA;0,048700507;0,103327293
99;20/01/2012;T35;NA;0,048813097;0,103354741
104;21/01/2012;T35;NA;0,049241215;0,103563805
109;22/01/2012;T35;NA;0,049023724;0,103544956
114;23/01/2012;T35;NA;0,048557812;0,103402747
119;24/01/2012;T35;NA;0,049895963;0,104072478
124;25/01/2012;T35;NA;0,049900597;0,104165386
129;26/01/2012;T35;NA;0,049994193;0,104311822
134;27/01/2012;T35;NA;0,050213454;0,104539397
139;28/01/2012;T35;NA;0,05024007;0,104731356
144;29/01/2012;T35;NA;0,05035023;0,105006145
149;30/01/2012;T35;NA;0,051106341;0,105646003
154;31/01/2012;T35;NA;0,052260694;0,106561526
159;01/02/2012;T35;NA;0,053216733;0,107506782
164;02/02/2012;T35;NA;0,052997452;0,107911553
169;03/02/2012;T35;NA;0,052674275;0,108283467
174;04/02/2012;T35;NA;0,052332835;0,108745246
179;05/02/2012;T35;NA;0,052184994;0,109244878
184;06/02/2012;T35;NA;0,05217648;0,109853702
189;07/02/2012;T35;NA;0,052085679;0,110381423
194;08/02/2012;T35;NA;0,051993859;0,11088495
199;09/02/2012;T35;NA;0,051838225;0,111347314
204;10/02/2012;T35;NA;0,051891487;0,111815475
209;11/02/2012;T35;NA;0,051971871;0,112300081
214;12/02/2012;T35;NA;0,051683014;0,112551041
219;13/02/2012;T35;NA;0,051223551;0,113151845
224;14/02/2012;T35;NA;0,050831524;0,113896547
229;15/02/2012;T35;NA;0,050544618;0,114590063
234;16/02/2012;T35;NA;0,050083411;0,115174088
239;17/02/2012;T35;NA;0,049890658;0,115877847
244;18/02/2012;T35;NA;0,049754251;0,116650304
249;19/02/2012;T35;NA;0,04993724;0,117554201
254;20/02/2012;T35;NA;0,049932301;0,118399449
259;21/02/2012;T35;NA;0,051622121;0,120120136
264;22/02/2012;T35;NA;0,051569581;0,121022236
269;23/02/2012;T35;NA;0,051447782;0,121754944
274;24/02/2012;T35;NA;0,051076026;0,122310906
279;25/02/2012;T35;NA;0,051146652;0,123045084
284;26/02/2012;T35;NA;0,052178453;0,124271117
289;27/02/2012;T35;NA;0,052004006;0,124987992
294;28/02/2012;T35;NA;0,051889942;0,125619537
299;29/02/2012;T35;NA;0,051830441;0,126215804
304;01/03/2012;T35;NA;0,052579969;0,127201805
309;02/03/2012;T35;NA;0,052846667;0,128096981
314;03/03/2012;T35;NA;0,053220307;0,129026242
319;04/03/2012;T35;NA;0,053450857;0,129869142
324;05/03/2012;T35;NA;0,053589815;0,130771325
329;06/03/2012;T35;NA;0,053507135;0,131575768
334;07/03/2012;T35;NA;0,053362004;0,131938003
339;08/03/2012;T35;NA;0,05338987;0,132712477
344;09/03/2012;T35;NA;0,053558023;0,133606585
349;10/03/2012;T35;NA;0,053645082;0,134416597
354;11/03/2012;T35;NA;0,053568562;0,13500767
359;12/03/2012;T35;NA;0,053604832;0,134897402
364;13/03/2012;T35;NA;0,053409211;0,13459249
369;14/03/2012;T35;NA;0,053333478;0,134428876
374;15/03/2012;T35;NA;0,053325315;0,134299852
379;16/03/2012;T35;NA;0,053002101;0,133929918
384;17/03/2012;T35;NA;0,052738089;0,133676734
389;18/03/2012;T35;NA;0,053029053;0,133593137
394;19/03/2012;T35;NA;0,052788262;0,133285945
399;20/03/2012;T35;NA;0,052674409;0,133035449
404;21/03/2012;T35;NA;0,052703892;0,132856506
409;22/03/2012;T35;NA;0,052453766;0,1326235
414;23/03/2012;T35;NA;0,052122933;0,132254795
419;24/03/2012;T35;NA;0,052201488;0,132143473
424;25/03/2012;T35;NA;0,052026268;0,131916801
429;26/03/2012;T35;NA;0,051858436;0,131688502
434;27/03/2012;T35;NA;0,051709455;0,131464697
439;28/03/2012;T35;NA;0,05148285;0,131199595
444;29/03/2012;T35;NA;0,051418989;0,131006208
449;30/03/2012;T35;NA;0,051304314;0,130770329
454;31/03/2012;T35;NA;0,051235684;0,130641221
459;01/04/2012;T35;NA;0,051045703;0,130452053
464;02/04/2012;T35;NA;0,050905716;0,130179665
469;03/04/2012;T35;NA;0,05089189;0,130062982
474;04/04/2012;T35;NA;0,051148077;0,129984981
479;05/04/2012;T35;NA;0,051186853;0,129901396
484;06/04/2012;T35;NA;0,051117638;0,129751681
489;07/04/2012;T35;NA;0,050948563;0,129579593
494;08/04/2012;T35;NA;0,050930972;0,129384253
499;09/04/2012;T35;NA;0,050892429;0,129263479
504;10/04/2012;T35;NA;0,051125079;0,12927977
509;11/04/2012;T35;NA;0,050955503;0,129013365
514;12/04/2012;T35;NA;0,051100609;0,128996782
519;13/04/2012;T35;NA;0,051182216;0,128984762
524;14/04/2012;T35;NA;0,05099858;0,128729018
529;15/04/2012;T35;NA;0,050861216;0,12858804
534;16/04/2012;T35;NA;0,050987125;0,128481524
539;17/04/2012;T35;NA;0,050909758;0,128272576
544;18/04/2012;T35;NA;0,05090152;0,128896517
549;19/04/2012;T35;NA;0,050857137;0,129559615
554;20/04/2012;T35;NA;0,050873278;0,130115782
559;21/04/2012;T35;NA;0,050957694;0,130762609
564;22/04/2012;T35;NA;0,051180521;0,131369716
569;23/04/2012;T35;NA;0,051463255;0,132018755
574;24/04/2012;T35;NA;0,051480894;0,132524308
579;25/04/2012;T35;NA;0,051588813;0,1330737
584;26/04/2012;T35;NA;0,051839277;0,133579877
589;27/04/2012;T35;NA;0,051846344;0,134067273
594;28/04/2012;T35;NA;0,051761849;0,134401921
599;29/04/2012;T35;NA;0,051573953;0,13460797
604;30/04/2012;T35;NA;0,051363444;0,134865865
609;01/05/2012;T35;NA;0,051194913;0,134936823
614;02/05/2012;T35;NA;0,051533081;0,135374687
619;03/05/2012;T35;NA;0,051897769;0,135685258
624;04/05/2012;T35;NA;0,052628064;0,136325892
629;05/05/2012;T35;NA;0,053364718;0,13635068
634;06/05/2012;T35;NA;0,053165092;0,135926292
639;07/05/2012;T35;NA;0,053043315;0,136134976
644;08/05/2012;T35;NA;0,053028381;0,136677499
649;09/05/2012;T35;NA;0,053186592;0,137203645
654;10/05/2012;T35;NA;0,05358569;0,137742384
659;11/05/2012;T35;NA;0,053888749;0,138304266
664;12/05/2012;T35;NA;0,053755126;0,138808705
669;13/05/2012;T35;NA;0,053890212;0,139388395
674;14/05/2012;T35;NA;0,053948764;0,140006416
679;15/05/2012;T35;NA;0,053991527;0,140572964
684;16/05/2012;T35;NA;0,054697754;0,141516549
689;17/05/2012;T35;NA;0,054839191;0,142113483
694;18/05/2012;T35;NA;0,054753617;0,142575594
699;19/05/2012;T35;NA;0,054825089;0,143163927
704;20/05/2012;T35;NA;0,055074923;0,143717706
709;21/05/2012;T35;NA;0,055316092;0,144354553
714;22/05/2012;T35;NA;0,055470149;0,144919512
719;23/05/2012;T35;NA;0,055860704;0,14557601
724;24/05/2012;T35;NA;0,055986236;0,146106774
729;25/05/2012;T35;NA;0,056230709;0,146668977
734;26/05/2012;T35;NA;0,056474738;0,147190416
739;27/05/2012;T35;NA;0,056729341;0,14782327
744;28/05/2012;T35;NA;0,057026574;0,148353117
749;29/05/2012;T35;NA;0,057182127;0,148802361
754;30/05/2012;T35;NA;0,057366116;0,149132552
759;31/05/2012;T35;NA;0,057553837;0,149360813
764;01/06/2012;T35;NA;0,057662765;0,149643323
769;02/06/2012;T35;NA;0,057948488;0,14989636
774;03/06/2012;T35;NA;0,057850242;0,149658305
779;04/06/2012;T35;NA;0,058009866;0,149857608
784;05/06/2012;T35;NA;0,058555313;0,150059731
789;06/06/2012;T35;NA;0,058555701;0,149950959
794;07/06/2012;T35;NA;0,058810861;0,149445142
799;08/06/2012;T35;NA;0,058434467;0,14865805
804;09/06/2012;T35;NA;0,058372962;0,147891976
809;10/06/2012;T35;NA;0,058057247;0,147065388
814;11/06/2012;T35;NA;0,057555256;0,146762355
819;12/06/2012;T35;NA;0,057123759;0,146449293
824;13/06/2012;T35;NA;0,05681884;0,146326264
829;14/06/2012;T35;NA;0,056483797;0,146122392
834;15/06/2012;T35;NA;0,056455865;0,146072994
839;16/06/2012;T35;NA;0,056241427;0,145540605
844;17/06/2012;T35;NA;0,056571937;0,145246966
849;18/06/2012;T35;NA;0,05635626;0,145226619
854;19/06/2012;T35;NA;0,055907545;0,145087293
859;20/06/2012;T35;NA;0,055908135;0,144641612
864;21/06/2012;T35;NA;0,055842208;0,143980753
869;22/06/2012;T35;NA;0,055313007;0,143170124
874;23/06/2012;T35;NA;0,053708159;0,141355197
879;24/06/2012;T35;NA;0,056171298;0,14146239
884;25/06/2012;T35;NA;0,062372402;0,143959335
889;26/06/2012;T35;NA;0,061185443;0,143666815
894;27/06/2012;T35;NA;0,060192911;0,143442177
899;28/06/2012;T35;NA;0,059338781;0,143640208
904;29/06/2012;T35;NA;0,061223767;0,145791336
909;30/06/2012;T35;NA;0,061653371;0,147387547
914;01/07/2012;T35;NA;0,061165317;0,147799619
919;02/07/2012;T35;NA;0,060852511;0,148710842
924;03/07/2012;T35;NA;0,061420158;0,15008526
929;04/07/2012;T35;NA;0,061672515;0,151361939
934;05/07/2012;T35;NA;0,061994888;0,152696013
939;06/07/2012;T35;NA;0,062021733;0,153980421
944;07/07/2012;T35;NA;0,061846152;0,155187727
949;08/07/2012;T35;NA;0,061994469;0,156378383
954;09/07/2012;T35;NA;0,061966042;0,157447512
959;10/07/2012;T35;NA;0,061947367;0,158401469
964;11/07/2012;T35;NA;0,062732835;0,159747318
969;12/07/2012;T35;NA;0,062741164;0,160725703
974;13/07/2012;T35;NA;0,062650284;0,161611023
979;14/07/2012;T35;NA;0,062527338;0,162477445
984;15/07/2012;T35;NA;0,062391988;0,163389529
989;16/07/2012;T35;NA;0,062045954;0,164053891
994;17/07/2012;T35;NA;0,061525521;0,164553336
999;18/07/2012;T35;NA;0,061119388;0,165099886
1004;19/07/2012;T35;NA;0,061264785;0,165872258
1009;20/07/2012;T35;NA;0,061583515;0,166726407
1014;21/07/2012;T35;NA;0,061611666;0,167072646
1019;22/07/2012;T35;NA;0,061437441;0,167729101
1024;23/07/2012;T35;NA;0,061361405;0,168362703
1029;24/07/2012;T35;NA;0,061266144;0,169058929
1034;25/07/2012;T35;NA;0,061245721;0,169733478
1039;26/07/2012;T35;NA;0,061655172;0,170599057
1044;27/07/2012;T35;NA;0,061595045;0,171226827
1049;28/07/2012;T35;NA;0,061545119;0,171809377
1054;29/07/2012;T35;NA;0,061468118;0,172461736
1059;30/07/2012;T35;NA;0,062469386;0,173506358
1064;31/07/2012;T35;NA;0,062630626;0,174295712
1069;01/08/2012;T35;NA;0,063111094;0,17497394
1074;02/08/2012;T35;NA;0,063151008;0,17545757
1079;03/08/2012;T35;NA;0,062958529;0,175632643
1084;04/08/2012;T35;NA;0,062912175;0,175826383
1089;05/08/2012;T35;NA;0,063216546;0,175511486
1094;06/08/2012;T35;NA;0,063257761;0,175794039
1099;07/08/2012;T35;NA;0,063256442;0,176050912
1104;08/08/2012;T35;NA;0,063341648;0,176314771
1109;09/08/2012;T35;NA;0,064214033;0,177096527
1114;10/08/2012;T35;NA;0,063975898;0,177490721
1119;11/08/2012;T35;NA;0,063904632;0,177788846
1124;12/08/2012;T35;NA;0,063758479;0,17747117
1129;13/08/2012;T35;NA;0,064594315;0,178167574
1134;14/08/2012;T35;NA;0,065068203;0,178743142
1139;15/08/2012;T35;NA;0,064805842;0,178984872
1144;16/08/2012;T35;NA;0,064609999;0,179217208
1149;17/08/2012;T35;NA;0,064496477;0,179455606
1154;18/08/2012;T35;NA;0,06461176;0,180017039
1159;19/08/2012;T35;NA;0,064372127;0,179592711
1164;20/08/2012;T35;NA;0,064249593;0,179849573
1169;21/08/2012;T35;NA;0,064389099;0,18025565
1174;22/08/2012;T35;NA;0,064425838;0,18057616
1179;23/08/2012;T35;NA;0,064334866;0,180928853
1184;24/08/2012;T35;NA;0,064230419;0,181150505
1189;25/08/2012;T35;NA;0,064177666;0,181195522
1194;26/08/2012;T35;NA;0,064036465;0,180800847
1199;27/08/2012;T35;NA;0,063956181;0,180927161
1204;28/08/2012;T35;NA;0,063825877;0,181027067
1209;29/08/2012;T35;NA;0,06370558;0,181123882
1214;30/08/2012;T35;NA;0,063635751;0,181241901
1219;31/08/2012;T35;NA;0,063725444;0,181425174
1224;01/09/2012;T35;NA;0,063612528;0,181461758
1229;02/09/2012;T35;NA;0,063378918;0,180946962
1234;03/09/2012;T35;NA;0,063338161;0,181000598
1239;04/09/2012;T35;NA;0,063392428;0,181076021
1244;05/09/2012;T35;NA;0,063423849;0,181332644
1249;06/09/2012;T35;NA;0,063372539;0,181534476
1254;07/09/2012;T35;NA;0,063255249;0,181675944
1259;08/09/2012;T35;NA;0,063158591;0,181797216
1264;09/09/2012;T35;NA;0,063152764;0,18193838
1269;10/09/2012;T35;NA;0,063303785;0,182133283
1274;11/09/2012;T35;NA;0,063716646;0,182455294
1279;12/09/2012;T35;NA;0,063816549;0,182648465
1284;13/09/2012;T35;NA;0,063968936;0,182861946
1289;14/09/2012;T35;NA;0,064092801;0,18306089
1294;15/09/2012;T35;NA;0,064210334;0,183352781
1299;16/09/2012;T35;NA;0,064405556;0,183510966
1304;17/09/2012;T35;NA;0,064397215;0,183725339
1309;18/09/2012;T35;NA;0,064377278;0,183777534
1314;19/09/2012;T35;NA;0,064625933;0,184060449
1319;20/09/2012;T35;NA;0,065232917;0,18451848
1324;21/09/2012;T35;NA;0,065254663;0,184608185
1329;22/09/2012;T35;NA;0,065917609;0,185002881
1334;23/09/2012;T35;NA;0,066503017;0,185415889
1339;24/09/2012;T35;NA;0,06660647;0,185638608
1344;25/09/2012;T35;NA;0,067084377;0,186010449
1349;26/09/2012;T35;NA;0,067506265;0,186512249
1354;27/09/2012;T35;NA;0,067842197;0,186855016
1359;28/09/2012;T35;NA;0,067969516;0,18713466
1364;29/09/2012;T35;NA;0,068053464;0,187255417
1369;30/09/2012;T35;NA;0,067784369;0,186983418
1374;01/10/2012;T35;NA;0,067705321;0,1868644
1379;02/10/2012;T35;NA;0,067913322;0,186838935
1384;03/10/2012;T35;NA;0,06797249;0,186751334
1389;04/10/2012;T35;NA;0,067845245;0,186588943
1394;05/10/2012;T35;NA;0,067874699;0,186465052
1399;06/10/2012;T35;NA;0,068167892;0,186809796
1404;07/10/2012;T35;NA;0,068471537;0,187146886
1409;08/10/2012;T35;NA;0,068521981;0,18697246
1414;09/10/2012;T35;NA;0,068620326;0,186792569
1419;10/10/2012;T35;NA;0,068798271;0,186631781
1424;11/10/2012;T35;NA;0,068880515;0,186421506
1429;12/10/2012;T35;NA;0,068733237;0,186107228
1434;13/10/2012;T35;NA;0,068546403;0,185602998
1439;14/10/2012;T35;NA;0,068358103;0,184982882
1444;15/10/2012;T35;NA;0,068192442;0,184593095
1449;16/10/2012;T35;NA;0,068186399;0,184182361
1454;17/10/2012;T35;NA;0,068706629;0,184008473
1459;18/10/2012;T35;NA;0,069183966;0,184391758
1464;19/10/2012;T35;NA;0,069309505;0,184755096
1469;20/10/2012;T35;NA;0,069644449;0,185164954
1474;21/10/2012;T35;NA;0,070072298;0,185588842
1479;22/10/2012;T35;NA;0,070201753;0,185892553
1484;23/10/2012;T35;NA;0,070823565;0,18640063
1489;24/10/2012;T35;NA;0,071057124;0,186642215
1494;25/10/2012;T35;NA;0,071200939;0,186896649
1499;26/10/2012;T35;NA;0,071173529;0,186871422
1504;27/10/2012;T35;NA;0,071071731;0,18684484
1509;28/10/2012;T35;NA;0,07075093;0,186726717
1514;29/10/2012;T35;NA;0,070815622;0,186817825
1519;30/10/2012;T35;NA;0,071021655;0,18688583
1524;31/10/2012;T35;NA;0,071931422;0,187033356
1529;01/11/2012;T35;NA;0,072063984;0,187071444
1534;02/11/2012;T35;NA;0,071943567;0,186607832
1539;03/11/2012;T35;NA;0,071735234;0,186107829
1544;04/11/2012;T35;NA;0,072491103;0,185910253
1549;05/11/2012;T35;NA;0,072264729;0,185632469
1554;06/11/2012;T35;NA;0,07191763;0,185079869
1559;07/11/2012;T35;NA;0,071929547;0,184892422
1564;08/11/2012;T35;NA;0,071993306;0,184910152
1569;09/11/2012;T35;NA;0,072111137;0,184924104
1574;10/11/2012;T35;NA;0,072137077;0,18490433
1579;11/11/2012;T35;NA;0,072026286;0,184860965
1584;12/11/2012;T35;NA;0,071986967;0,184650616
1589;13/11/2012;T35;NA;0,072241915;0,184560054
1594;14/11/2012;T35;NA;0,072068755;0,184351296
1599;15/11/2012;T35;NA;0,07144964;0,183531074
1604;16/11/2012;T35;NA;0,071281589;0,183364871
1609;17/11/2012;T35;NA;0,070999707;0,182687796
1614;18/11/2012;T35;NA;0,070660392;0,181987647
1619;19/11/2012;T35;NA;0,070656758;0,181903065
1624;20/11/2012;T35;NA;0,070789008;0,181841092
1629;21/11/2012;T35;NA;0,070779355;0,181735243
1634;22/11/2012;T35;NA;0,070939994;0,181675443
1639;23/11/2012;T35;NA;0,071245883;0,181625656
1644;24/11/2012;T35;NA;0,071399246;0,181524131
1649;25/11/2012;T35;NA;0,071233842;0,180926835
1654;26/11/2012;T35;NA;0,07160066;0,180969639
1659;27/11/2012;T35;NA;0,071863933;0,180821978
1664;28/11/2012;T35;NA;0,07207412;0,180680568
1669;29/11/2012;T35;NA;0,072132124;0,180504881
1674;30/11/2012;T35;NA;0,072047809;0,180136393
1679;01/12/2012;T35;NA;0,071612723;0,179342561
1684;02/12/2012;T35;NA;0,071342304;0,178581796
1689;03/12/2012;T35;NA;0,071371243;0,178255011
1694;04/12/2012;T35;NA;0,072089098;0,178180276
1699;05/12/2012;T35;NA;0,071813213;0,177701992
1704;06/12/2012;T35;NA;0,071720375;0,177456621
1709;07/12/2012;T35;NA;0,071526239;0,177046568
1714;08/12/2012;T35;NA;0,071732954;0,176380999
1719;09/12/2012;T35;NA;0,071922575;0,175751354
1724;10/12/2012;T35;NA;0,07221406;0,175695561
1729;11/12/2012;T35;NA;0,073108441;0,175835411
1734;12/12/2012;T35;NA;0,073303085;0,175825462
1739;13/12/2012;T35;NA;0,073152626;0,175587426
1744;14/12/2012;T35;NA;0,074390694;0,175704728
1749;15/12/2012;T35;NA;0,074258214;0,174999961
1754;16/12/2012;T35;NA;0,07327679;0,174014799
1759;17/12/2012;T35;NA;0,07273428;0,173636917
1764;18/12/2012;T35;NA;0,073556388;0,173734982
1769;19/12/2012;T35;NA;0,074243445;0,173794658
1774;20/12/2012;T35;NA;0,074250223;0,173814445
1779;21/12/2012;T35;NA;0,07427296;0,173986145
1784;22/12/2012;T35;NA;0,0740015;0,173489682
1789;23/12/2012;T35;NA;0,073748972;0,173106883
1794;24/12/2012;T35;NA;0,073631368;0,172739571
1799;25/12/2012;T35;NA;0,072906175;0,172094359
1804;26/12/2012;T35;NA;0,072931568;0,17219018
1809;27/12/2012;T35;NA;0,072728346;0,172050224
1814;28/12/2012;T35;NA;0,072426125;0,171840494
1819;29/12/2012;T35;NA;0,07198745;0,171344683
1824;30/12/2012;T35;NA;0,071499762;0,170733462
1829;31/12/2012;T35;NA;0,072423463;0,170416214
