"Data";"A25 - Delft3D";"A25 - Model A";"A25 - Model B";"A35 - Delft3D";"A35 - Model A";"A35 - Model B";"B12 - Delft3D";"B12 - Model A";"B12 - Model B";"T25 - Delft3D";"T25 - Model A";"T25 - Model B";"T35 - Delft3D";"T35 - Model A";"T35 - Model B"
2012-01-01;0,1217922;0,0414992996089996;0,0895512903431911;0,148963;0,0643792311007454;0,138927617808722;0,0654324;0,0235390241684626;0,0507354128025662;0,09958576;0,0358970118569055;0,0774514681466967;0,1031254;0,0465366507810507;0,100441628915013
2012-01-02;0,1218811;0,0417792047508398;0,0897211780969476;0,14904;0,0648134571716091;0,139191178210641;0,0654008;0,023697790556347;0,0508315251105213;0,09962194;0,0361391305984292;0,0775984000040454;0,1031435;0,0468505319298981;0,100632180083665
2012-01-03;0,1217989;0,0417815646442378;0,0898383227584778;0,149299;0,0648171181520081;0,139372914034341;0,0654615;0,0236991291232205;0,0508979464098135;0,09954388;0,0361411719129113;0,077699714281399;0,103213;0,046853178276607;0,10076357332886
2012-01-04;0,1219684;0,0421688368593173;0,0901454002642409;0,149184;0,0654179063018905;0,139849307305303;0,0654051;0,0239187957228119;0,051071752647896;0,09966585;0,0364761634772881;0,0779652991269664;0,1031526;0,0472874591439991;0,101107998917691
2012-01-05;0,1222209;0,0422295544885451;0,0902618168709868;0,149279;0,0655120995610726;0,140029914398125;0,0654004;0,0239532356713245;0,0511377363656575;0,0998392;0,0365286843987699;0,0780659850588583;0,1031919;0,0473555469222086;0,101238576431242
2012-01-06;0,1222538;0,0423152209973382;0,090495034910698;0,149663;0,0656449968393193;0,140391724654288;0,0654766;0,024001826997923;0,0512699558498927;0,09983393;0,0366027861718325;0,078267690257728;0,1033159;0,0474516119748937;0,101500160001708
2012-01-07;0,1219662;0,0423118598969902;0,0905704121405331;0,15003;0,0656397826535837;0,140508663609597;0,0655414;0,0239999205314748;0,0513127480538925;0,09958187;0,0365998788104991;0,0783328814703971;0,1033611;0,0474478428907258;0,101584706618827
2012-01-08;0,1221193;0,0425123884460101;0,0907868823260897;0,149671;0,0659508692001347;0,140844491602955;0,0653853;0,0241136633272887;0,0514353775191013;0,09968613;0,0367733365741153;0,0785201018005528;0,1031303;0,0476727123980499;0,101827505843487
2012-01-09;0,1219534;0,0427392504818503;0,0910416526584544;0,14972;0,0663028077526152;0,141239737704178;0,0652899;0,0242423428711573;0,0515796759788763;0,099498;0,0369695728785149;0,0787404467342602;0,1030767;0,047927111856278;0,102113263400135
2012-01-10;0,1221658;0,0425552366587684;0,0910674378655309;0,150032;0,0660173410446577;0,14127974133121;0,0652805;0,0241379674751948;0,051594478565599;0,09960131;0,036810400399672;0,0787627462619678;0,103082;0,0477207616984601;0,102142187317495
2012-01-11;0,1221849;0,0426019474744717;0,0911258419889765;0,15052;0,066089805072422;0,141370350048046;0,0653776;0,0241644625493316;0,0516276012920576;0,09957467;0,0368508053877307;0,0788132582638938;0,1032915;0,0477731424600287;0,102207698298172
2012-01-12;0,1221308;0,0424874502533631;0,0911790578780813;0,150787;0,0659121817600386;0,141452910224174;0,0654124;0,024099518010983;0,0516578877407271;0,09950076;0,0367517649667491;0,0788592832508585;0,1033872;0,0476447471077135;0,102267389874531
2012-01-13;0,1223492;0,0431993731261093;0,0916045600775;0,150759;0,0670166111740834;0,142113026469364;0,0653725;0,0245033313250762;0,0518985912947083;0,09965375;0,0373675802707411;0,079227291165176;0,1033414;0,0484430860296756;0,102744644615002
2012-01-14;0,1239147;0,0435591719016385;0,0919198926922935;0,150484;0,0675747788717988;0,142602228723444;0,0652642;0,0247074145783542;0,0520771221320751;0,10085714;0,0376788072319901;0,0795000159300714;0,1031748;0,0488465586214063;0,103098331483626
2012-01-15;0,1264637;0,0434390844077932;0,0919776151084921;0,149805;0,0673884831850905;0,142691781741702;0,0650274;0,024639299153598;0,0521099967252496;0,1028263;0,0375749312092369;0,0795499392274302;0,102818;0,0487118944266632;0,103163079248678
2012-01-16;0,1254743;0,0438178973989832;0,0922693236110544;0,149752;0,0679761482621776;0,143144335566303;0,0649228;0,0248541675547267;0,0522751111643604;0,10202;0,0379026055209582;0,0798022326032556;0,1026818;0,0491366892556948;0,103490270350621
2012-01-17;0,1266123;0,0438750928116999;0,0923397694821639;0,149142;0,0680648773908108;0,143253625954077;0,0646683;0,024886609649291;0,0523149291174697;0,1028822;0,0379520797151687;0,079863159014932;0,1022668;0,0492008272766483;0,103569289210091
2012-01-18;0,1342437;0,0434712956533312;0,0921850436426548;0,147502;0,0674384535518213;0,143013590392209;0,0640253;0,0246575698544137;0,0522274225149952;0,1087448;0,0376027940279808;0,0797293365875562;0,10125894;0,0487480156021758;0,10339575194444
2012-01-19;0,1361526;0,0434289294416052;0,0921240006199085;0,14722;0,0673727294513842;0,142918894218826;0,0638682;0,0246335391047109;0,0521926675695217;0,1101886;0,037566147134684;0,0796765388658566;0,10104741;0,0487005068100134;0,103327293319284
2012-01-20;0,1348436;0,0435293324966939;0,0921484659953441;0,14734;0,0675284880195451;0,142956850987694;0,063866;0,0246904892210402;0,0522062898654319;0,1091553;0,0376529960620863;0,0796976934747542;0,1010642;0,0488130971899966;0,103354740539882
2012-01-21;0,1322092;0,0439111085586983;0,0923348549076219;0,147549;0,0681207498060351;0,143246013644268;0,0638772;0,0249070383203053;0,0523114996461143;0,1070909;0,0379832334384656;0,079858895203261;0,1010964;0,0492412147592437;0,103563805238563
2012-01-22;0,1337786;0,0437171597876011;0,0923180440786187;0,147241;0,0678198706858134;0,143219935594933;0,0636736;0,0247970276730579;0,0523020343871849;0,1082549;0,0378154672014133;0,0798443507406912;0,1008142;0,0490237237096355;0,103544955985392
2012-01-23;0,134506;0,0433016802683898;0,0921912484249031;0,147307;0,0671753236154545;0,143023232005257;0,0635805;0,0245613614681735;0,0522303995329424;0,1087552;0,0374560762389645;0,0797346841596806;0,1007481;0,048557811622579;0,103402747300573
2012-01-24;0,1319037;0,0444949834444369;0,0927883515432133;0,14791;0,0690265341579892;0,143949569228026;0,0636583;0,0252382208987164;0,0525678064362181;0,1066744;0,0384882868705424;0,0802511050850497;0,1009626;0,0498959627167622;0,104072478272792
2012-01-25;0,1303247;0,0444991158861247;0,0928711757311772;0,147681;0,069032944950965;0,144078067124434;0,063525;0,0252405648815228;0,0526146301353717;0,1054313;0,0384918614443223;0,0803227348542227;0,10075901;0,0499005967707707;0,10416538550318
2012-01-26;0,1291387;0,0445825807042241;0,0930017244742435;0,146646;0,0691624266738814;0,144280603838603;0,0630795;0,0252879073761906;0,0526884538508622;0,1044835;0,0385640587486907;0,0804356407125739;0,10002386;0,0499941928827289;0,104311821504415
2012-01-27;0,1286472;0,0447781080679373;0,0932046169885459;0,147004;0,0694657547168511;0,144595369665323;0,0631451;0,0253988134248085;0,0528032077864916;0,1040728;0,0387331904728329;0,080611114954628;0,10014784;0,0502134541408463;0,104539397054391
2012-01-28;0,1278475;0,0448018428298667;0,0933757535672332;0,147931;0,0695025752352158;0,144860872139013;0,0633019;0,0254122761371904;0,0529001516879989;0,1033715;0,0387537211092154;0,0807591253484844;0,1003912;0,0502400699232255;0,104731355720498
2012-01-29;0,1257431;0,0449000785783859;0,0936207394937825;0,145928;0,0696549715892714;0,145240943686442;0,0625804;0,0254679969247793;0,0530389474684724;0,1017526;0,0388386953102884;0,080971007732593;0,09916936;0,0503502299202887;0,105006145331762
2012-01-30;0,1259759;0,0455743443218962;0,0941912097508401;0,146243;0,0707009822577346;0,146125962500593;0,0626868;0,0258504505512741;0,0533618154746953;0,101928;0,039421937090693;0,0814643944634254;0,0993444;0,0511063407398689;0,105646002738208
2012-01-31;0,1264083;0,0466037447949576;0,0950074567055017;0,146923;0,0722979251356829;0,147392271337386;0,0629039;0,0264343419143265;0,0538237622962056;0,1022439;0,0403123714193479;0,0821703491938565;0,09975812;0,0522606939646235;0,106561525828116
2012-02-01;0,1298467;0,0474562972123012;0,0958502123023507;0,146819;0,073620517796735;0,148699706380998;0,0628228;0,0269179224119689;0,0543010043524505;0,1048713;0,0410498316782526;0,082899231160123;0,09970574;0,0532167326084626;0,107506781649191
2012-02-02;0,1301914;0,0472607529235201;0,0962110891671005;0,14708;0,0733171634973496;0,149259565550605;0,0628486;0,0268070067631991;0,0545059868581505;0,1051021;0,0408806853138787;0,0832113440566311;0,09978275;0,0529974523708447;0,107911552962104
2012-02-03;0,1295685;0,0469725576640322;0,0965426719806166;0,147201;0,0728700766937766;0,149773978917255;0,0628145;0,0266435380964448;0,0546944381827262;0,10458245;0,0406313955970783;0,0834981206331244;0,09975411;0,0526742748166714;0,108283467343238
2012-02-04;0,1311764;0,0466680767529001;0,0969543756991718;0,146896;0,072397725422111;0,150412690005335;0,0626313;0,0264708319642088;0,0549283799077817;0,1057864;0,0403680187454184;0,0838541922513506;0,09949534;0,0523328347932408;0,108745246292692
2012-02-05;0,1314206;0,0465362387302227;0,0973998287697887;0,146682;0,0721932007527846;0,151103757843274;0,0624407;0,026396051463541;0,055181305531007;0,1059185;0,0402539784819;0,0842394528063921;0,09922674;0,0521849937434205;0,109244878296429
2012-02-06;0,130594;0,0465286462456633;0,0979426342810365;0,146814;0,0721814222812757;0,151945855882024;0,0623986;0,0263917448926054;0,0554892862988832;0,1052349;0,0402474109612232;0,0847089124543603;0,09920529;0,0521764796526809;0,109853702198579
2012-02-07;0,1286664;0,0464476742982586;0,0984131306165553;0,147042;0,072055807830821;0,152675775896445;0,0623892;0,026345816391525;0,0557563525916815;0,1037007;0,0401773699970757;0,0851158331568732;0,09923626;0,052085679006045;0,110381423331298
2012-02-08;0,1266169;0,0463657930340575;0,098862056807753;0,146605;0,0719287827272531;0,153372231694844;0,0621392;0,0262993721123412;0,0560111688692789;0,1020745;0,0401065424713203;0,0855040977884083;0,0988475;0,0519938586660985;0,110884950431541
2012-02-09;0,1251708;0,0462270056065535;0,0992742827703734;0,145702;0,0717134772172001;0,154011752425853;0,0617454;0,026220649805192;0,0562451865657188;0,10092764;0,0399864909529178;0,0858606210843133;0,0982019;0,0518382246648646;0,111347314443531
2012-02-10;0,1240274;0,0462745025775658;0,0996916766125131;0,14465;0,0717871608336032;0,154659290312566;0,0612965;0,0262475907983924;0,0564819687015709;0,10001342;0,0400275759675484;0,0862216142693291;0,09747479;0,0518914870084218;0,111815475130728
2012-02-11;0,1234739;0,0463461856555937;0,10012373268198;0,144136;0,0718983651548773;0,15532957480815;0,0610447;0,0262882505136663;0,0567270092825406;0,09955386;0,0400895820333411;0,0865952879831493;0,09708869;0,0519718712655183;0,112300081252651
2012-02-12;0,1229005;0,0460885952868421;0,100347476486023;0,143534;0,0714987567268935;0,155676688623195;0,0607665;0,0261421413992298;0,0568541881519938;0,09908176;0,0398667656338254;0,0867887964647429;0,09665453;0,0516830135462773;0,112551040927935
2012-02-13;0,1225115;0,0456788674378521;0,100883131239931;0,143063;0,0708631324120961;0,156507693775037;0,0605508;0,0259097376278231;0,057158310171285;0,09875993;0,0395123498824302;0,0872520690211829;0,09631031;0,0512235512902063;0,113151845420137
2012-02-14;0,1221959;0,0453292749520163;0,101547079999761;0,142666;0,0703207980679323;0,157537730643144;0,0603626;0,025711443534893;0,0575350588261932;0,09849542;0,0392099513907118;0,0878263012505876;0,09600428;0,0508315238684834;0,113896546713415
2012-02-15;0,1216861;0,0450734251332082;0,102165395092271;0,142161;0,0699238898124358;0,15849696995777;0,0601226;0,0255663216864482;0,0578857850649283;0,09807431;0,0389886405718335;0,0883610625592087;0,09562455;0,0505446179741081;0,114590062875605
2012-02-16;0,1209943;0,0446621415297472;0,102686090915101;0,140568;0,0692858520044575;0,159304766213585;0,0595082;0,025333035467809;0,058181316897527;0,0975244;0,0386328790884086;0,0888113937840734;0,09461159;0,0500834111198583;0,115174087801933
2012-02-17;0,1244616;0,0444902528079663;0,103313536680706;0,144315;0,0690191953657334;0,160278174022693;0,0609194;0,0252355376108714;0,0585371733229872;0,10021646;0,0384841948565789;0,0893540525315486;0,09701622;0,0498906578566928;0,115877846578901
2012-02-18;0,1252615;0,0443686108673183;0,104002231459107;0,145495;0,0688304882144728;0,16134660408411;0,0613209;0,0251665404806117;0,0589277675140356;0,1008175;0,0383789742329328;0,0899496853201916;0,09771557;0,0497542505301692;0,116650303981425
2012-02-19;0,1252292;0,0445317928966871;0,104808114294972;0,146058;0,0690836378743274;0,16259683598182;0,0614799;0,0252590997712349;0,059384536118135;0,10076905;0,0385201271511332;0,0906466739266923;0,09799888;0,0499372402477314;0,117554200948121
2012-02-20;0,1257645;0,0445273878651543;0,105561706879973;0,145227;0,0690768042037419;0,16376594787307;0,0611111;0,0252566011713864;0,0598118734190485;0,1011513;0,0385163167863643;0,0912984384371932;0,09738393;0,049932300515831;0,118399448884858
2012-02-21;0,1288157;0,0460342943575409;0,107095815343627;0,146457;0,071414517905771;0,166145930700693;0,0614918;0,0261113410990022;0,0606804118458346;0,1034681;0,0398197951759784;0,0926252553788041;0,09809849;0,0516221213527274;0,120120135783937
2012-02-22;0,1273541;0,0459874412567937;0,107900097815391;0,147203;0,0713418331465291;0,167393677462919;0,0616509;0,0260847653186578;0,061136566035377;0,10228489;0,0397792671109532;0,0933208581985657;0,09838932;0,0515695810349865;0,121022235611915
2012-02-23;0,127659;0,0458788265332218;0,108553354155751;0,147522;0,0711733355464331;0,168407128099858;0,0617253;0,0260231574209993;0,0615070458759942;0,1024972;0,0396853150670239;0,0938858447028499;0,09855338;0,0514477822213157;0,121754944123095
2012-02-24;0,1278142;0,0455473111538735;0,109049030288598;0,148541;0,0706590448132978;0,169176110500691;0,0620198;0,0258351169335641;0,0617883550204158;0,1025753;0,0393985533236852;0,0943145424406434;0,09911117;0,0510760261776562;0,122310906434435
2012-02-25;0,128518;0,0456102919346232;0,10970359877514;0,148817;0,0707567489740184;0,170191593311571;0,0620361;0,0258708405755095;0,0621593806404158;0,10307471;0,0394530318776519;0,0948806615076341;0,0991923;0,0511466518177823;0,123045084261753
2012-02-26;0,1280329;0,0465304059728373;0,110796692057986;0,148593;0,0721841522040329;0,1718873896847;0,0619047;0,0263927430362095;0,0627783161625073;0,10267543;0,0402489331302194;0,0958260525840691;0,09899513;0,0521784529825862;0,124271117126703
2012-02-27;0,1258983;0,0463748418901228;0,111435835916205;0,145774;0,071942820515874;0,172878939616252;0,0608568;0,0263045047590033;0,0631408338391968;0,1010244;0,04011436975748;0,0963788289836722;0,09718966;0,0520040059085495;0,124987991643179
2012-02-28;0,1306861;0,0462731246352025;0,111998903396959;0,145583;0,0717850231862047;0,173752465068479;0,0607697;0,02624680920885;0,0634601313232352;0,1047072;0,0400263840434962;0,0968658057958112;0,097091;0,0518899418058964;0,125619537060766
2012-02-29;0,1322361;0,0462200643444853;0,112530517208542;0,145696;0,0717027090086031;0,174577194515028;0,0607648;0,0262167126174052;0,0637614942504283;0,1058785;0,0399804867415428;0,097325577876501;0,09712869;0,05183044084461;0,126215803980145
2012-03-01;0,1309352;0,0468884595480202;0,113409605995014;0,146013;0,0727396125149377;0,175940988380147;0,0608017;0,0265958363857177;0,0642592486815782;0,10483505;0,0405586504882194;0,0980858751303142;0,09722738;0,0525799685345638;0,127201805230314
2012-03-02;0,129183;0,0471262891724652;0,114207718406889;0,146541;0,0731085654490597;0,17717915656577;0,0609065;0,0267307369100767;0,0647114777268294;0,1034383;0,0407643737878669;0,0987761361225552;0,09744714;0,0528466668712216;0,128096980902568
2012-03-03;0,1277174;0,0474594846269983;0,115036219011561;0,149563;0,0736254625381964;0,178464470762618;0,0618664;0,026919730361315;0,0651809004357973;0,1022308;0,0410525888010053;0,0994926804363715;0,09915524;0,0532203069243197;0,129026242387019
2012-03-04;0,1268913;0,0476650786284423;0,115787720530026;0,150736;0,0739444072880259;0,179630333257767;0,0622241;0,0270363463575963;0,0656068164210763;0,10155699;0,0412304281953343;0,100142632731459;0,09978989;0,0534508567489679;0,12986914236501
2012-03-05;0,1264492;0,0477889951234667;0,116592077935756;0,149194;0,0741366430304489;0,180878194423563;0,0616524;0,0271066336491587;0,0660628181191022;0,1012156;0,0413376163149669;0,100838297909863;0,09880922;0,0535898147243866;0,130771325314989
2012-03-06;0,1252834;0,0477152651369902;0,117309294860164;0,147646;0,0740222632726422;0,181990866307743;0,0610597;0,0270648128967613;0,0664696183937138;0,10030385;0,041273839667561;0,101458595580808;0,09781661;0,0535071350968971;0,13157576835063
2012-03-07;0,1251025;0,0475858433018177;0,117632251834496;0,147552;0,073821486914618;0,182491893301885;0,0609868;0,0269914028938274;0,066652891033113;0,10014532;0,0411618894130868;0,101737908094404;0,09770426;0,0533620035210968;0,13193800336544
2012-03-08;0,1253191;0,0476106935980731;0,118322747274674;0,14807;0,0738600379981451;0,18356311210361;0,061098;0,0270054983539836;0,0670444135297178;0,10027286;0,041183384989825;0,102335095682325;0,09792572;0,0533898702458256;0,132712476516112
2012-03-09;0,124951;0,04776064447663;0,11911990485182;0,147077;0,0740926617377101;0,18479980569396;0,0607021;0,0270905527377368;0,0674962876433108;0,0999744;0,0413130929250486;0,1030245343774;0,09725966;0,0535580227625057;0,133606584772651
2012-03-10;0,1282266;0,0478382802692094;0,119842085835472;0,147077;0,0742131007012409;0,185920181566111;0,0606736;0,0271345889218431;0,0679057265871239;0,10248513;0,0413802481058107;0,103649126268801;0,09725391;0,0536450822984839;0,134416597350225
2012-03-11;0,12755;0,0477700433260799;0,120369065919896;0,148455;0,0741072424826026;0,186737728245752;0,0610973;0,0270958839058876;0,0682045956050338;0,10192138;0,0413212229564786;0,104104893696265;0,09800805;0,0535685624819398;0,135007670072007
2012-03-12;0,125644;0,0478023866448639;0,120270752309155;0,148187;0,0741574177389125;0,186585207243039;0,0608707;0,0271142295206262;0,0681487533338148;0,10038772;0,0413492000189549;0,104019860563614;0,09766702;0,0536048317622779;0,134897402450819
2012-03-13;0,1276482;0,0476279405011841;0,119998899120197;0,148485;0,0738867936873162;0,186163461764093;0,0608931;0,0270152810556915;0,0679947239727932;0,10188823;0,0411983036099295;0,103784737372573;0,09777062;0,0534092106471021;0,134592490497216
2012-03-14;0,1274199;0,0475604052166602;0,119853022757353;0,149454;0,0737820239747961;0,185937152987893;0,061103;0,0269769740310041;0,0679120119288154;0,10163719;0,0411398853972812;0,10365856855269;0,09820495;0,0533334776592951;0,134428875579056
2012-03-15;0,1270049;0,0475531264738481;0,119737987545627;0,149593;0,0737707322211994;0,185758689702589;0,0610425;0,0269728454190857;0,0678467351704598;0,1012597;0,0411335892641057;0,103559073756186;0,09816451;0,0533253153935324;0,134299852143948
2012-03-16;0,1260942;0,0472648983539284;0,119408163256612;0,15115;0,0733235944401555;0,185247008039296;0,0614922;0,0268093581134024;0,0676599529809237;0,1004942;0,0408842711229386;0,1032738125555;0,09897861;0,0530021009901965;0,133929917904561
2012-03-17;0,1250339;0,047029464380329;0,119182430601694;0,150121;0,0729583579581394;0,184896810655129;0,0611345;0,0266758164380766;0,0675320978979824;0,09968712;0,0406806200680668;0,103078577253826;0,09835776;0,0527380890980774;0,133676733663944
2012-03-18;0,1249532;0,0472889333240962;0,119107897264933;0,150252;0,0733608806814538;0,184781179986879;0,0611858;0,0268229911083926;0,0674895612832951;0,09962682;0,0409050614402987;0,103014111489452;0,09844224;0,0530290534212922;0,133593137475818
2012-03-19;0,1236895;0,0470742059101422;0,118834012639562;0,148882;0,0730277669678042;0,184356280391759;0,0606372;0,0267011945037676;0,0673343989731161;0,09862973;0,0407193216182455;0,102777230718957;0,09753927;0,0527882615339484;0,133285945162151
2012-03-20;0,1215223;0,0469726772379251;0,118610676578528;0,145727;0,0728702621926971;0,184009800602024;0,0594363;0,0266436059205474;0,0672077956248922;0,09693568;0,0406314990288347;0,102584068264977;0,0955418;0,0526744089049222;0,133035449066398
2012-03-21;0,1231744;0,0469989691500987;0,118451135202243;0,14613;0,072911049702507;0,183762290252696;0,0595651;0,0266585190868399;0,0671172521759564;0,09820078;0,0406542416074308;0,102446080054808;0,09576617;0,0527038922346824;0,132856506183974
2012-03-22;0,1263829;0,0467759179609698;0,11824339241003;0,146921;0,072565023042117;0,183440001796117;0,059789;0,0265320011122914;0,0669996126878303;0,10064069;0,0404613016962444;0,102266403996325;0,09619775;0,0524537661990001;0,132623499659472
2012-03-23;0,1245536;0,0464808953498165;0,117914665205254;0,148313;0,0721073447429087;0,182930021252835;0,0601295;0,0263646598694365;0,0668134582988991;0,09914306;0,0402061063008906;0,101982090533818;0,09682929;0,0521229325618759;0,132254795251067
2012-03-24;0,1236426;0,0465509475496585;0,117815412838901;0,149109;0,0722160190291072;0,182776041894993;0,0603169;0,0264043945261818;0,0667570961319583;0,09838647;0,0402667016524272;0,101896245597229;0,0971875;0,0522014879782614;0,132143473260006
2012-03-25;0,1227051;0,0463946941998521;0,117613317783653;0,148112;0,0719736180581937;0,182462514413833;0,0598988;0,0263157652863597;0,0666426283736335;0,09763657;0,0401315420616985;0,101721453972788;0,09651122;0,0520262679711331;0,13191680074443
2012-03-26;0,1227216;0,0462450292163325;0,117409772533274;0,147216;0,0717414378370217;0,182146737109279;0,0595475;0,0262308730665527;0,0665273306138882;0,09763752;0,0400020814264929;0,101545408323272;0,09593914;0,0518584360525748;0,131688501668115
2012-03-27;0,1224773;0,04611217436324;0,117210234118233;0,147119;0,0715353357251625;0,181837176394494;0,0594671;0,026155515804447;0,0664142882616203;0,09742626;0,0398871616017816;0,10137282837877;0,09582643;0,0517094547453917;0,131464697074646
2012-03-28;0,1222525;0,0459100988362935;0,116973875868887;0,147817;0,0712218493007729;0,181470494211941;0,0596642;0,0260408955395879;0,0662804300047098;0,09722277;0,0397123656978715;0,101168403212639;0,09618066;0,0514828504817653;0,131199594651485
2012-03-29;0,1215257;0,0458531499936194;0,116801456654817;0,149076;0,0711335026843728;0,181203005952524;0,060012;0,0260085933032442;0,0661826929824658;0,09660428;0,0396631047874473;0,101019277556037;0,09680023;0,0514189889605137;0,131006207725184
2012-03-30;0,1215098;0,0457508878446933;0,116591152797629;0,150117;0,0709748600426752;0,180876744460276;0,0603816;0,0259505886810513;0,0660635482067465;0,09658571;0,0395746477386031;0,10083738655926;0,09741941;0,0513043138224383;0,130770328741598
2012-03-31;0,1203289;0,0456896871238615;0,116476043105567;0,148363;0,0708799173475673;0,180698164783433;0,0597023;0,0259158747157467;0,0659983203641974;0,09565662;0,0395217089415137;0,10073782676706;0,09629828;0,0512356843130313;0,130641220846612
2012-04-01;0,1194425;0,0455202700915364;0,116307385623794;0,146848;0,0706170951221508;0,180436512711589;0,059129;0,0258197788380808;0,0659028278136418;0,09496376;0,0393751627280731;0,100591954468946;0,0953478;0,0510457027628856;0,130452053017764
2012-04-02;0,1190201;0,0453954363822596;0,116064531532195;0,146026;0,0704234364750311;0,180059753847999;0,0588168;0,0257489712888597;0,0657652643476888;0,09463255;0,0392671812155109;0,100381911158397;0,09483103;0,0509057162380755;0,130179665271691
2012-04-03;0,1189312;0,0453831064526508;0,115960499511608;0,144653;0,0704043086488939;0,179898359759788;0,0583069;0,0257419775681513;0,0657062696826616;0,09456084;0,0392565157914308;0,100291932230159;0,09398548;0,0508918896522352;0,130062982214293
2012-04-04;0,1200296;0,0456115625220369;0,11589095511419;0,143734;0,0707587200781457;0,179790468543388;0,0579664;0,0258715612717169;0,0656666383264562;0,09540651;0,0394541309393682;0,100231781407508;0,09342361;0,0511480766341843;0,129984981128134
2012-04-05;0,1211382;0,0456461417314121;0,115816432719514;0,14356;0,0708123639452139;0,179674854750671;0,0578872;0,02589117511708;0,0656243403211417;0,09625409;0,039484042053547;0,100167324872643;0,09330181;0,0511868532064673;0,129901396466162
2012-04-06;0,1215249;0,045584419039419;0,115682949898659;0,143692;0,070716611499042;0,179467771516682;0,0579027;0,0258561650819166;0,0655487355626363;0,09653606;0,0394306517499228;0,100051874414526;0,09333724;0,0511176383669492;0,129751680964298
2012-04-07;0,1210181;0,0454336448239989;0,115529520454451;0,145553;0,0704827104898679;0,17922974326891;0,058528;0,0257706436891656;0,065461866082927;0,09611673;0,0393002316259775;0,0999191725985661;0,09439467;0,0509485625734804;0,129579592745595
2012-04-08;0,1204586;0,0454179584685793;0,115355360642616;0,146602;0,0704583757297586;0,178959554445425;0,0588414;0,0257617461534766;0,0653631503767176;0,09564877;0,0392866628840518;0,0997685414438273;0,09494275;0,0509309721454233;0,129384253318636
2012-04-09;0,1200471;0,0453835873330426;0,115247681846355;0,146637;0,0704050546544932;0,178792502117764;0,0588169;0,0257422503307105;0,0653021263813645;0,09531262;0,0392569317543335;0,0996754084327803;0,09491331;0,0508924289038146;0,12926347947252
2012-04-10;0,1191448;0,0455910545589269;0,115262205688745;0,145894;0,0707269053991293;0,178815031372779;0,0585203;0,0258599288479449;0,0653101669504;0,09460461;0,0394363914931159;0,09968796591311;0,09442304;0,0511250793323871;0,129279769821613
2012-04-11;0,1194412;0,0454398337705983;0,11502468649719;0,146305;0,0704923116066854;0,178446547628765;0,0586847;0,025774154152353;0,0651756703283829;0,09484021;0,0393055850823383;0,0994825365305463;0,09469393;0,0509555027592019;0,129013364782495
2012-04-12;0,1186196;0,0455692332454043;0,115009901815181;0,145331;0,0706930532763363;0,178423608736546;0,0582945;0,0258475514721522;0,0651671652938531;0,09419021;0,0394175159950321;0,0994697460694843;0,09405129;0,0511006092604449;0,128996782435298
2012-04-13;0,1181442;0,0456420066461184;0,114999185027165;0,144443;0,0708059490511253;0,178406980032715;0,0579452;0,0258888296347807;0,0651610412907093;0,09381161;0,0394804651930406;0,0994604735474349;0,09347471;0,0511822161879615;0,128984762229417
2012-04-14;0,119761;0,0454782482776176;0,114771171433938;0,143911;0,0705519052973818;0,178053241910372;0,0577578;0,0257959434359714;0,0650319187393192;0,0950628;0,0393388137398563;0,0992632651887589;0,09316869;0,0509985801729154;0,128729018010053
2012-04-15;0,1197624;0,0453557526781396;0,114645480120321;0,145139;0,0703618738370459;0,177858243936748;0,05818;0,0257264620976402;0,0649607323133362;0,09504953;0,0392328546989012;0,0991545533572195;0,0938809;0,0508612155670346;0,128588039925353
2012-04-16;0,1188663;0,0454680327089733;0,114550514441571;0,1454;0,0705360575490879;0,177710912449356;0,0582164;0,0257901490124636;0,0649067982100802;0,0943282;0,0393299772440069;0,0990724152598809;0,09395999;0,0509871245976405;0,128481524193382
2012-04-17;0,1186214;0,0453990402934381;0,114364222791105;0,145539;0,07042902734121;0,177421900918229;0,0582639;0,0257510154812468;0,0648012540725789;0,09413771;0,0392702986089013;0,0989112918151234;0,09403534;0,0509097576064249;0,128272576244041
2012-04-18;0,1184292;0,0453916947192688;0,1149205133228;0,145372;0,0704176319099264;0,178284908954755;0,0581853;0,0257468489615819;0,0651167103437439;0,09398149;0,0392639446664123;0,0993924070830046;0,09390799;0,0509015203970473;0,128896517295973
2012-04-19;0,1179409;0,0453521157808438;0,115511715277397;0,144963;0,0703562317984162;0,179202077481463;0,0579961;0,0257243991950333;0,0654519570973304;0,09358632;0,0392297087724258;0,0999037169518514;0,09359861;0,0508571372085809;0,129559615226698
2012-04-20;0,1173995;0,0453665093167972;0,116007580018014;0,144337;0,0703785609650825;0,179971342314732;0,0577516;0,0257325634241618;0,065733122407072;0,09316054;0,0392421592218467;0,100332571887577;0,09319617;0,0508732778895679;0,130115781669922
2012-04-21;0,1179574;0,0454417881439709;0,116584275827837;0,145246;0,070495343490505;0,180866005977625;0,0581076;0,0257752627021956;0,0660600302406538;0,09360096;0,0393072756208483;0,100831335742898;0,0937923;0,0509576943622407;0,130762609055865
2012-04-22;0,1183334;0,045640495342863;0,117125556827192;0,145627;0,07080360451658;0,181705729379207;0,0582501;0,0258879724009433;0,066366763548083;0,09389178;0,0394791579114385;0,101299470454794;0,09403465;0,0511805214366649;0,131369715843154
2012-04-23;0,1190008;0,0458926246591082;0,117704223731488;0,146772;0,0711947410338406;0,182603451706787;0,0586658;0,0260309839246218;0,0666946150084504;0,09440424;0,0396972504850482;0,101799939587389;0,09473137;0,0514632552189773;0,132018754849879
2012-04-24;0,1193212;0,0459083542256595;0,118154961961848;0,147752;0,0712191428288025;0,183302710093974;0,0590118;0,0260399059703117;0,0669501322967641;0,09464515;0,0397108566047253;0,102189766556274;0,0953084;0,0514808941033062;0,132524307828311
2012-04-25;0,1192338;0,0460045918797231;0,118644785320327;0,146639;0,0713684394730815;0,184062604499397;0,0585772;0,0260944934088049;0,0672277011093307;0,094566;0,0397941024484275;0,102613396788261;0,09457832;0,0515888134692073;0,133073699632497
2012-04-26;0,1199356;0,0462279443182505;0,119096080712921;0,146752;0,0717149334715912;0,184762726126949;0,0586054;0,0262211822565233;0,0674833564991647;0,0951008;0,039987302941198;0,103003704523309;0,09463127;0,0518392773211465;0,133579877027694
2012-04-27;0,1206021;0,046234246302056;0,119530630938034;0,147582;0,0717247099467517;0,185436870559305;0,0588922;0,0262247568361066;0,0677296532478031;0,09560668;0,0399927541750626;0,103379530885425;0,09511408;0,0518463442649828;0,134067273123099
2012-04-28;0,1217361;0,0461588971588207;0,119828994580481;0,148115;0,0716078183377054;0,185899739278301;0,0590806;0,0261820176737497;0,0678987955933348;0,09647774;0,0399275769524682;0,103637573201528;0,09543867;0,0517618489410031;0,134401920710247
2012-04-29;0,1220979;0,0459913398808388;0,120012704658282;0,148338;0,0713478812104902;0,18618473602955;0,059152;0,0260869766765961;0,0680029503868846;0,09675214;0,0397826394318089;0,103796455184218;0,09555725;0,0515739528896304;0,134607970276378
2012-04-30;0,1223578;0,0458036178468052;0,12024263796948;0,148738;0,0710566618326785;0,186541443890848;0,0592853;0,0259804979278532;0,0681332946358126;0,09694615;0,039620259339976;0,103995315343016;0,09578068;0,0513634444033657;0,134865865330773
2012-05-01;0,1220958;0,0456533291828967;0,120305901553369;0,148777;0,0708235140755658;0,186639586325973;0,0592789;0,0258952519471904;0,0681691326774225;0,09673486;0,0394902592194653;0,104050027988042;0,09576141;0,0511949130995955;0,134936822685495
2012-05-02;0,1221202;0,0459548925571154;0,120696286482593;0,148284;0,0712913392760695;0,187245219617936;0,0590694;0,0260663032088006;0,0683900095294638;0,09674131;0,0397511123934208;0,104387663736224;0,09540081;0,0515330814437987;0,135374686779876
2012-05-03;0,1222412;0,0462801041733373;0,120973180560492;0,148842;0,0717958507737253;0,187674786282634;0,0592583;0,026250768107395;0,0685465759069287;0,0968268;0,0400324213637773;0,104627142092929;0,09572132;0,0518977685483198;0,135685258333982
2012-05-04;0,1224889;0,046931349059314;0,121544348393532;0,149182;0,0728061484272398;0,18856088219115;0,0593882;0,0266201639587714;0,0688697271519942;0,09701931;0,0405957500371263;0,105121132130248;0,09594973;0,0526280641464911;0,13632589236699
2012-05-05;0,1224661;0,047588263999357;0,121566445800156;0,15006;0,0738252422224852;0,188595162727052;0,0596756;0,0269927759497204;0,0688815615920801;0,09698735;0,0411639833233235;0,105140244452581;0,09640484;0,0533647180525972;0,136350679567831
2012-05-06;0,1221764;0,0474102466838756;0,121188072664987;0,150444;0,0735490780943844;0,188008163236144;0,0597796;0,0268918018626634;0,068667113819691;0,09674955;0,0410099978405616;0,104812997956012;0,096535;0,0531650922824855;0,135926291993384
2012-05-07;0,1220736;0,0473016507270337;0,121374127621766;0,150889;0,0733806096077352;0,188296803910583;0,0599347;0,0268302046097752;0,0687726844499886;0,09666452;0,0409160620299071;0,104973914953868;0,09681492;0,0530433145135256;0,136134976307766
2012-05-08;0,1224;0,0472883334548278;0,121857821495741;0,151381;0,073359950084489;0,189047196359509;0,0601013;0,0268226508535609;0,0690469156525127;0,09690769;0,0409045425516803;0,105392254080661;0,09711749;0,0530283807374898;0,136677498599992
2012-05-09;0,1224346;0,0474294195316366;0,122326915313396;0,152247;0,0735788215649609;0,189774937612788;0,0603679;0,0269026769890168;0,0693127322784111;0,09690785;0,0410265824082505;0,105797963865449;0,09759299;0,0531865924072862;0,137203644870369
2012-05-10;0,1225683;0,0477853171816491;0,122807233794914;0,153174;0,0741309373181001;0,190520096303603;0,0606485;0,0271045474654845;0,0695846756029886;0,0969798;0,0413344348848638;0,106213382612269;0,09810101;0,0535856903392628;0,137742384155482
2012-05-11;0,1229275;0,0480555715977962;0,123308183296493;0,15336;0,0745501919001547;0,19129726431156;0,0606998;0,0272578398172412;0,0698683613195707;0,09724763;0,0415682057212928;0,106646648791501;0,09820663;0,0538887493186858;0,138304265724755
2012-05-12;0,123655;0,047936412065144;0,123757918983311;0,153388;0,0743653357902262;0,191994981052242;0,0606958;0,0271902507459693;0,0701234738642492;0,09780113;0,0414651323876032;0,107035621233625;0,09821789;0,0537551257247814;0,138808704511244
2012-05-13;0,1243442;0,0480568762449035;0,124274746797333;0,153432;0,0745522158422071;0,192796782215884;0,0606925;0,0272585798326168;0,0704164403041273;0,09832299;0,0415693342447407;0,107482620438516;0,09822496;0,0538902123290835;0,139388394511548
2012-05-14;0,1239149;0,048109090395409;0,124825751003419;0,153264;0,0746332173746136;0,193651602064356;0,0606188;0,0272881964806631;0,0707288057216613;0,09799034;0,0416144996330112;0,107959178173401;0,09804474;0,0539487644422709;0,140006415946036
2012-05-15;0,1240545;0,0481472239228596;0,125330863450192;0,153485;0,0746923751724453;0,194435225421128;0,0606938;0,0273098263884626;0,0710151762213646;0,0980946;0,0416474852424055;0,108396045117152;0,0981842;0,0539915267699906;0,140572963537969
2012-05-16;0,1237063;0,0487770056127452;0,126172131841039;0,153738;0,0756693762625401;0,195740352121651;0,0607614;0,0276670479936161;0,0714916864414142;0,09781821;0,0421922481902645;0,109123646755522;0,09825106;0,054697753883379;0,141516548871931
2012-05-17;0,1235256;0,0489031332586955;0,126704337383041;0,154072;0,0758650422362633;0,196566005227779;0,0608583;0,0277385894830944;0,0717933809279034;0,0976695;0,042301348961719;0,109583946226282;0,09838234;0,0548391914080777;0,142113483247037
2012-05-18;0,1237158;0,0488268215800535;0,127116337095487;0,155094;0,0757466574143202;0,19720517518458;0,0611758;0,0276953043562414;0,0720270618745132;0,09779115;0,0422353391432681;0,109940282149273;0,09890914;0,0547536167122892;0,142575593533686
2012-05-19;0,1238825;0,0488905573223557;0,127640873729769;0,155996;0,0758455327717771;0,198018931629081;0,0614574;0,0277314562236845;0,0723244012555391;0,09789574;0,0422904707411188;0,110393949649285;0,09939505;0,0548250889542242;0,143163926610829
2012-05-20;0,1239138;0,0491133485127643;0,128134602315676;0,156196;0,0761911560875839;0,198784894995245;0,0615182;0,0278578267230654;0,0726041559307371;0,09791441;0,0424831857526747;0,110820972876171;0,09949055;0,0550749234315003;0,143717706388807
2012-05-21;0,1238832;0,0493284115043461;0,128702391225134;0,156252;0,0765247903938665;0,199665753593198;0,061535;0,027979813672346;0,0729258884763006;0,09788762;0,0426692158503277;0,111312049481272;0,0995309;0,0553160916302281;0,144354553200189
2012-05-22;0,1239431;0,0494657931463236;0,129206087813407;0,156416;0,0767379150625043;0,200447179656172;0,0615838;0,0280577385968937;0,0732113580375383;0,09792614;0,0427880513602628;0,111747693220415;0,09963435;0,0554701492060588;0,144919511944145
2012-05-23;0,1241611;0,0498140722132145;0,12979139789482;0,156281;0,077278211856575;0,201355219715506;0,0615369;0,0282552876989305;0,0735429417446119;0,09809119;0,043089313740869;0,112253922570831;0,09960603;0,0558607037807856;0,14557601047328
2012-05-24;0,1245089;0,0499260159834983;0,130264605738177;0,15626;0,0774518739165445;0,202089348118818;0,0615191;0,0283187838817347;0,0738111359044835;0,09835055;0,0431861454196454;0,112663197687856;0,09962758;0,0559862357341896;0,146106773853141
2012-05-25;0,1247306;0,0501440259712225;0,130765843308009;0,15637;0,0777900799950617;0,202866962136813;0,0615431;0,0284424424113571;0,0740951350545996;0,09851196;0,0433747246773195;0,113096716562236;0,09969339;0,056230708647253;0,146668976624951
2012-05-26;0,1248526;0,0503616408023924;0,131230736985346;0,156722;0,0781276730541936;0,203588193813156;0,0616364;0,0285658768022646;0,0743585604655735;0,09858793;0,0435629621234535;0,113498802680497;0,09986979;0,0564747384380771;0,147190415964969
2012-05-27;0,1251172;0,0505886840886427;0,131794964773504;0,156912;0,0784798927864082;0,204463529545515;0,0616738;0,0286946591540798;0,0746782458337994;0,0987735;0,0437593552099717;0,113986801002326;0,09997265;0,0567293411476158;0,147823269665975
2012-05-28;0,1255402;0,0508537431886756;0,132267354732627;0,157141;0,0788910877033623;0,205196390169278;0,0617193;0,0288450046447394;0,0749458597080496;0,09907944;0,0439886320832276;0,114395371254589;0,10008043;0,0570265741826498;0,148353116536022
2012-05-29;0,1255975;0,0509924585113196;0,132667882564344;0,15747;0,0791062813547699;0,205817764668059;0,0618013;0,0289236860529323;0,0751728222208753;0,0991041;0,0441086212307217;0,114741788038677;0,10023671;0,0571821273266472;0,148802360912538
2012-05-30;0,1258462;0,0511565315385042;0,132962267191212;0,157678;0,0793608132488991;0,206274469734545;0,0618511;0,0290167507308589;0,075339565835292;0,09928319;0,0442505448645598;0,114996402151959;0,10032677;0,057366116194908;0,149132552070842
2012-05-31;0,1259977;0,0513239325081095;0,133165773279633;0,157787;0,0796205078897785;0,206590189171751;0,0618863;0,0291117030675607;0,075454839389961;0,09940042;0,04439534717803;0,115172417448993;0,10035977;0,0575538369645675;0,14936081332864
2012-06-01;0,125977;0,0514210696977492;0,133417646530265;0,158106;0,0797712000132411;0,206980943250149;0,0619802;0,0291668007361028;0,0755975387629056;0,09937448;0,0444793711225567;0,115390264317407;0,1005101;0,0576627650552752;0,149643323114821
2012-06-02;0,1256117;0,0516758650110368;0,133643242713702;0,158344;0,0801664723795722;0,207330931580498;0,0620541;0,0293113244532256;0,0757252219925683;0,09908683;0,0446997697911691;0,11558538541071;0,1006292;0,0579484884440271;0,149896360264858
2012-06-03;0,1254818;0,051588253259075;0,13343099640162;0,158549;0,0800305573814918;0,207001659929848;0,0621142;0,0292616297555729;0,0756049220742987;0,09897957;0,0446239853772486;0,115401822270228;0,1007318;0,0578502420267676;0,149658304512233
2012-06-04;0,1252908;0,0517305991853472;0,133608685712367;0,158832;0,080251383307955;0,207277326284325;0,0621902;0,02934237049651;0,0757054890660114;0,09881797;0,0447471150071778;0,115555507599712;0,1008764;0,0580098664716004;0,149857608106167
2012-06-05;0,1247593;0,0522170041988947;0,133788888241978;0,159396;0,0810059594350409;0,207556890966091;0,0623274;0,0296182667038541;0,0758072442497357;0,09836936;0,0451678567233774;0,115711367021419;0,1011731;0,0585553132735195;0,150059730692241
2012-06-06;0,124568;0,052217349921074;0,133691907299891;0,15973;0,081006495765251;0,207406439075807;0,0624148;0,0296184628026512;0,0757520940411637;0,09820369;0,045168155774043;0,115627494912698;0,1013378;0,0585557009608414;0,149950959199761
2012-06-07;0,1247154;0,052444890355872;0,133240932767555;0,159813;0,0813594867403913;0,206706809503183;0,0624579;0,0297475271445672;0,0754960717249316;0,09832794;0,0453649788954649;0,115237458623073;0,1013614;0,0588108611648094;0,149445142122991
2012-06-08;0,1246856;0,0521092385258686;0,132539183800531;0,159973;0,0808387789950373;0,205618132235942;0,0625077;0,0295571404003793;0,0750982496703779;0,09830167;0,0450746391105784;0,114630531203562;0,1014361;0,0584344665715498;0,148658050444767
2012-06-09;0,1250345;0,0520543919290478;0,13185617193575;0,160323;0,0807536936619091;0,204558524635008;0,062623;0,0295260305893635;0,0747107795594213;0,09856729;0,0450271966487793;0,114039810801948;0,1016199;0,0583729624751716;0,147891976038535
2012-06-10;0,1255289;0,0517728512833573;0,131119209749714;0,161235;0,080316930380024;0,203415217741735;0,0629259;0,0293663365192044;0,074292908082336;0,09894243;0,0447836631917866;0,113402427218662;0,102055;0,058057247298467;0,147065388320467
2012-06-11;0,125895;0,0513251975531254;0,130849035569512;0,162138;0,0796224703958014;0,20299607074439;0,0632124;0,0291124206200371;0,0741398964393282;0,09920902;0,0443964414455565;0,11316875643958;0,1024825;0,0575552555658133;0,1467623549166
2012-06-12;0,1258742;0,0509404082265442;0,130569920213968;0,161973;0,0790255340326707;0,202563053023908;0,063166;0,028894162351982;0,0739818273829865;0,0992001;0,0440635975867725;0,112927351084067;0,1023874;0,0571237589698683;0,146449293096698
2012-06-13;0,1255544;0,0506684947863652;0,130460230952793;0,161173;0,0786037057519619;0,202392880527865;0,0628928;0,0287399289769513;0,0739197626746183;0,09895487;0,0438283916898508;0,112832481602882;0,1020087;0,0568188395874328;0,146326263655797
2012-06-14;0,1259812;0,0503697192638828;0,130278465216385;0,160668;0,0781402054377308;0,202110890476908;0,062698;0,0285704590265926;0,0738168039512555;0,09927159;0,0435699500155537;0,112675274013644;0,1017678;0,0564837974955736;0,146122392310836
2012-06-15;0,1266415;0,050344810067022;0,130234424191169;0,160764;0,0781015629797534;0,202042561533775;0,0626998;0,0285563301571311;0,0737917793108765;0,09976244;0,0435484034896248;0,112637182188275;0,101809;0,0564558647206481;0,146072994027064
2012-06-16;0,1267783;0,0501535842729181;0,129759761279774;0,161172;0,0778049081034776;0,201306179561743;0,0628222;0,0284478640232093;0,0735227532101167;0,09985683;0,0433829926353942;0,112226655893457;0,1019968;0,0562414271738849;0,14554060502345
2012-06-17;0,1267322;0,0504483182903199;0,129497960218966;0,161526;0,0782621386976885;0,200900026318681;0,0629355;0,0286150415713669;0,0733740576247507;0,09981566;0,0436379383963346;0,112000229535554;0,102158;0,0565719371865924;0,145246965704409
2012-06-18;0,1267653;0,0502559874638761;0,129479817674767;0,161727;0,0779637695483273;0,200871880111856;0,0629905;0,0285059486465548;0,0733639559574073;0,09983246;0,043471571685996;0,111984537758957;0,1022515;0,0563562604742388;0,145226618646332
2012-06-19;0,1266598;0,0498558434935506;0,129355599183661;0,161903;0,0773430130203408;0,200679167360612;0,0630439;0,0282789809946401;0,073293751072911;0,0997462;0,0431254460168262;0,111877103018092;0,1023348;0,0559075454264035;0,145087292964397
2012-06-20;0,1266105;0,0498563694190436;0,128958244078023;0,162097;0,0773438289058901;0,200062714508145;0,063101;0,0282792793074553;0,0730681885523556;0,09970198;0,0431259009438693;0,111533434203268;0,1024264;0,055908135190839;0,144641611693048
2012-06-21;0,1265887;0,0497975781746418;0,128369042623289;0,162188;0,077252624110973;0,199148636882447;0,0631329;0,0282459320332625;0,0727337726849024;0,09968559;0,0430750463507253;0,111023844283933;0,1024688;0,05584220762976;0,143980753295597
2012-06-22;0,1266745;0,0493256605229474;0,127646314267416;0,162276;0,0765205227057636;0,198027401855212;0,0631606;0,0279782532745022;0,0723239338991167;0,09974983;0,0426668362436159;0,110398768242543;0,1025174;0,0553130067236909;0,143170123676367
2012-06-23;0,1267704;0,0478945291492122;0,126028180543484;0,162999;0,0743003614424818;0,195517063130293;0,0633838;0,0271664941288782;0,0714070898211311;0,0998073;0,0414289035465392;0,108999278917819;0,1028797;0,0537081588927921;0,14135519705502
2012-06-24;0,1267546;0,0500910463245309;0,126123745816084;0,163111;0,0777078909231947;0,195665320375416;0,0634161;0,0284123915624112;0,071458946879768;0,09979137;0,0433288971326771;0,109081937995277;0,1029319;0,0561712981188869;0,141462389791687
2012-06-25;0,1267311;0,0556209131123615;0,128349943134537;0,163056;0,0862865555089669;0,199118984980385;0,0633932;0,0315490148113225;0,0727160992803193;0,09977064;0,0481122475872667;0,111007340380622;0,1029023;0,0623724022819845;0,143959335156606
2012-06-26;0,1267515;0,0545624363075319;0,128089136889994;0,162971;0,0846445055593306;0,198714376537864;0,0633492;0,0309486309174883;0,072568940575308;0,09977685;0,0471966621491697;0,110781780888572;0,1028625;0,0611854433238744;0,143666815009895
2012-06-27;0,1268916;0,0536773407197267;0,127888853305822;0,162807;0,0832714276054751;0,198403661255912;0,0632744;0,0304465914462432;0,0724561443238583;0,09987397;0,0464310519555208;0,110608565070377;0,1027884;0,0601929112892227;0,14344217694884
2012-06-28;0,1269564;0,0529156658132707;0,128065406470631;0,163355;0,0820898162219485;0,198677564996715;0,0634513;0,0300145580336192;0,0725570585561398;0,09991638;0,0457722010012693;0,110761271409969;0,1030534;0,0593387812324652;0,14364020760009
2012-06-29;0,1271998;0,0545966113088822;0,129983283530753;0,163416;0,0846975223651689;0,201652914176416;0,06345;0,0309680154900069;0,0736433518898449;0,10009043;0,0472262236222605;0,112420016488083;0,1030876;0,0612237666237437;0,145791336355157
2012-06-30;0,1278257;0,0549797128300342;0,131406414127167;0,163072;0,0852918403801154;0,203860723679991;0,0633009;0,0311853164095486;0,0744503163894268;0,1005548;0,0475576075245616;0,113650863731353;0,1029235;0,0616533705416776;0,147387546946962
2012-07-01;0,1291146;0,0545444881942515;0,131773803497219;0,162914;0,0846166620597151;0,204430682102176;0,0632044;0,0309384504788721;0,0746592325007248;0,1015246;0,0471811369802799;0,113968619363516;0,1028431;0,0611653165967301;0,147799619429351
2012-07-02;0,1304712;0,054265542579383;0,132586221438627;0,16293;0,0841839245346639;0,205691044274009;0,0631806;0,0307802283490545;0,0751204328879219;0,1025547;0,046939848232308;0,114671270034007;0,1028436;0,0608525114460806;0,148710841609328
2012-07-03;0,1313069;0,0547717439459822;0,133811608998894;0,163167;0,0849692113966314;0,207592080758127;0,0632431;0,0310673533442894;0,075815083059015;0,1031886;0,0473777138500413;0,115731092268512;0,1029568;0,0614201575616601;0,150085260235899
2012-07-04;0,1319021;0,0549967853782302;0,134949853536877;0,163533;0,0853183255867609;0,209357927274608;0,0633498;0,0311950002145378;0,0764605917619127;0,1036365;0,0475723753271702;0,116715547013287;0,1031367;0,0616725154241413;0,151361938557349
2012-07-05;0,1326474;0,055284262433893;0,136139271474897;0,163747;0,0857642982170716;0,211203161862709;0,0634006;0,0313580615053278;0,0771350859798497;0,1041979;0,047821043795625;0,117744259430742;0,103243;0,0619948875960331;0,15269601297876
2012-07-06;0,13329;0,055308202203829;0,137284408492941;0,1639;0,085801436771113;0,212979700535501;0,0634315;0,031371640501321;0,0777847331314137;0,104681;0,0478417517645146;0,118734673433295;0,103321;0,0620217332711117;0,153980421192718
2012-07-07;0,1342746;0,0551516262775838;0,138360802377479;0,163825;0,0855585353767394;0,214649595105487;0,0633801;0,0312828282913124;0,0783955250216399;0,1054254;0,0477063131442514;0,119665634585206;0,1032852;0,0618461515319246;0,155187727463502
2012-07-08;0,1345836;0,0552838888511301;0,139422350195782;0,163906;0,08576371866582;0,216296458710358;0,0633896;0,0313578496035905;0,0789976241412354;0,1056525;0,0478207206454756;0,120583754522933;0,1033296;0,0619944686662985;0,156378382794594
2012-07-09;0,1348243;0,055258539418792;0,140375549787263;0,163997;0,0857243932560385;0,21777523226663;0,0634012;0,0313434710259739;0,0795383696904151;0,1058259;0,0477987933146102;0,121408165782361;0,1033796;0,0619660422183504;0,157447512027246
2012-07-10;0,133005;0,0552418860475673;0,141226064882385;0,165026;0,0856985583324428;0,219094704744477;0,0637545;0,0313340249844398;0,0800207599357919;0,1044211;0,0477843881012707;0,122143765893739;0,1039288;0,0619473673942375;0,158401469466324
2012-07-11;0,1314612;0,0559423307500664;0,142425976295515;0,167695;0,0867851812827179;0,220956224026633;0,0645415;0,0317313277084892;0,080700581759036;0,1031512;0,048390274755446;0,123181552323769;0,1053789;0,0627328348796831;0,159747317650021
2012-07-12;0,1311882;0,05594975788415;0,143298271143562;0,167919;0,0867967032405842;0,222309483692325;0,0646214;0,0317355404901588;0,0811952496275956;0,1029414;0,0483966992474922;0,123935990032115;0,10548;0,062741163549044;0,160725702885437
2012-07-13;0,1324835;0,0558687152783543;0,144087589743803;0,166635;0,0866709791754389;0,223534019254391;0,064208;0,031689571910581;0,0816429368909568;0,1039572;0,048326597163636;0,124618665660483;0,104789;0,0626502836672186;0,161611022619644
2012-07-14;0,1341282;0,0557590778917718;0,144860062847501;0,165858;0,0865008950845126;0,224732417800517;0,0639149;0,0316273839431491;0,082081144289033;0,1052085;0,0482317605133023;0,125286768475331;0,1043723;0,0625273380556057;0,162477445460103
2012-07-15;0,1357018;0,055638378559797;0,145673244989275;0,16556;0,0863136502331508;0,225993972026722;0,0637796;0,0315589214746438;0,0825423976842185;0,1064022;0,0481273552488318;0,125990079993359;0,1042111;0,0623919877553708;0,163389528565807
2012-07-16;0,1363537;0,0553298011281726;0,14626556483306;0,165585;0,0858349438942439;0,226912888556556;0,0637701;0,0313838917346413;0,0828785404902978;0,106894;0,047860434895328;0,126502374452902;0,1042229;0,0620459539593858;0,164053890566189
2012-07-17;0,1333976;0,054865702053288;0,146710849079334;0,167653;0,0851149717049022;0,227603699416548;0,0644532;0,0311206477897266;0,0831314275144807;0,1045988;0,0474589878793331;0,126887499109983;0,1053157;0,0615255206802895;0,164553336122933
2012-07-18;0,1319842;0,0545035314720674;0,147198128521334;0,169973;0,0845531245468544;0,228359662788356;0,0651531;0,0309152192127439;0,0834080440552639;0,1034511;0,0471457092994344;0,127308946189986;0,1065329;0,0611193883835947;0,165099885628428
2012-07-19;0,1320748;0,0546331895946543;0,147886744337908;0,169525;0,0847542674653315;0,229427975231493;0,0650259;0,0309887632414375;0,0837983583099495;0,1035365;0,0472578639431922;0,12790452694043;0,106288;0,061264784928322;0,165872258068832
2012-07-20;0,1335123;0,0549174190747853;0,148648269527169;0,168625;0,0851952020246952;0,230609396781805;0,0647024;0,0311499824587551;0,0842298702498631;0,1046333;0,0475037232496016;0,128563166035739;0,1058081;0,0615835153209589;0,166726406606222
2012-07-21;0,1361934;0,0549425223513387;0,148956961262323;0,16787;0,0852341455648958;0,231088299472295;0,064388;0,0311642214131246;0,0844048340796677;0,106664;0,0475254376550151;0,128830155245465;0,1054009;0,0616116657337474;0,167072646346635
2012-07-22;0,138846;0,0547871566835186;0,149542231697273;0,16768;0,0849931216843013;0,231996278750187;0,0642689;0,0310760956798177;0,0847368279132431;0,1086773;0,047391045911722;0,12933635124902;0,105287;0,0614374411589996;0,167729100729913
2012-07-23;0,1404099;0,0547193513359184;0,150107125880693;0,167878;0,084887933014031;0,232872649380007;0,0642998;0,0310376354713093;0,0850572066152063;0,109863;0,0473323940937467;0,129824924773315;0,1053729;0,0613614053267786;0,168362702719115
2012-07-24;0,1410526;0,0546344019448067;0,150727853625922;0,168049;0,0847561482240762;0,233835639835584;0,0643458;0,0309894509045983;0,0854092127536756;0,1103531;0,0472589126295123;0,130361788712954;0,1054516;0,0612661444383908;0,16905892911979
2012-07-25;0,1415244;0,0546161892873008;0,15132925580052;0,168087;0,0847278943282857;0,234768647201431;0,0643507;0,0309791204125359;0,0857502139737859;0,1107132;0,0472431586291173;0,130881937824689;0,1054656;0,0612457210555835;0,169733478245143
2012-07-26;0,1415795;0,0549813188808192;0,15210097249855;0,16814;0,0852943318996259;0,235965878466718;0,0643631;0,0311862273856036;0,0861874444961362;0,1107521;0,0475589967630455;0,131549390493596;0,1054908;0,0616551715413384;0,170599056752407
2012-07-27;0,1412266;0,0549277003981887;0,152660668191921;0,168273;0,0852111517805139;0,236834182760003;0,0644056;0,031155814179347;0,0865048129080583;0,1104777;0,0475126166235041;0,132033467914333;0,1055603;0,061595044632569;0,171226826712064
2012-07-28;0,1411864;0,0548831785512803;0,153180046692106;0,168367;0,085142083572179;0,237639941105566;0,0644273;0,0311305607210892;0,086799319603451;0,1104401;0,0474741050996611;0,132482676103425;0,105605;0,0615451185455934;0,171809377035054
2012-07-29;0,1410754;0,0548145129984865;0,153761664368597;0,168479;0,0850355604372436;0,238542256454993;0,0644545;0,031091612591314;0,087129086404013;0,1103473;0,0474147092017538;0,132985713841181;0,1056587;0,0614681180930277;0,172461736238011
2012-07-30;0,1409155;0,0557073985026578;0,154693011595783;0,168597;0,086420723145076;0,239987132480354;0,0644849;0,0315980706197719;0,0876563800764299;0,1102175;0,0481870576951521;0,133791225177012;0,1057159;0,062469385615289;0,173506357595787
2012-07-31;0,1399577;0,0558511851620831;0,155396770661825;0,169502;0,0866437841283592;0,241078934648293;0,0647872;0,0316796285661277;0,0880552641103949;0,1094718;0,0483114335633448;0,134399898732009;0,1062269;0,0626306256752345;0,174295712366517
2012-08-01;0,1382351;0,0562796450824072;0,156001453393251;0,173007;0,0873084681227361;0,242017029735857;0,0658903;0,031922657448898;0,0883977354882287;0,1080728;0,0486820526095695;0,134922881900121;0,1081917;0,0631110937764715;0,174973939800537
2012-08-02;0,1371665;0,0563152387189458;0,156432638146544;0,172573;0,0873636857040934;0,242685965725186;0,0657751;0,0319428466925387;0,0886421695647905;0,1072719;0,0487128412061216;0,13529581093492;0,1078721;0,0631510079111491;0,1754575698234
2012-08-03;0,1368453;0,056143594901136;0,156588723849035;0,172978;0,0870974089929704;0,242928118071536;0,0659117;0,0318454877488009;0,0887307641705702;0,107022;0,0485643688169214;0,135430810800729;0,1080764;0,0629585292793794;0,175632642788404
2012-08-04;0,1369897;0,0561022581830164;0,156761453507667;0,172843;0,0870332819798922;0,243196090166136;0,0658564;0,0318220409432878;0,0888286512917173;0,1071277;0,0485286124385139;0,135580205518059;0,1079974;0,0629121749448801;0,175826382998141
2012-08-05;0,137133;0,0563736825510076;0,156480698353503;0,172709;0,0874543515467984;0,242760535234934;0,0657955;0,0319759969092499;0,0886691783546615;0,107229;0,0487633952866061;0,135337387545526;0,1079141;0,0632165458895871;0,175511485796739
2012-08-06;0,1371292;0,056410436279872;0,156732611239948;0,172539;0,087511368817612;0,243151349558777;0,065721;0,0319968441746296;0,0888119119317982;0,1072164;0,0487951873663102;0,13555526469534;0,1078094;0,0632577609332428;0,17579403893458
2012-08-07;0,1369331;0,0564092605409876;0,156961628551579;0,173271;0,0875095448551339;0,243506643903525;0,0659297;0,0319961772779283;0,0889417248337781;0,1070355;0,0487941703488407;0,135753339862826;0,1081962;0,0632564424784643;0,176050911780427
2012-08-08;0,1368989;0,0564852432858054;0,157196875475254;0,174433;0,0876274193911954;0,243871601776311;0,0662871;0,0320392758285907;0,089075037712264;0,1069781;0,0488598956386008;0,135956803226533;0,1088333;0,0633416483131238;0,176314771133254
2012-08-09;0,1367771;0,0572631964855141;0,157893862571488;0,174606;0,0888342838274992;0,244952893582012;0,0663351;0,0324805425329065;0,089469562260923;0,1068768;0,0495328273626824;0,13655961759495;0,1089043;0,0642140325875562;0,177096527407184
2012-08-10;0,1365109;0,0570508385474455;0,158245310897646;0,174571;0,088504845959877;0,245498124475373;0,0663114;0,0323600899304852;0,0896690050155029;0,106665;0,04934913714399;0,136863580811495;0,1088554;0,0639758977925694;0,177490720707992
2012-08-11;0,1363439;0,0569872867342174;0,15851110736819;0,174521;0,0884062559376543;0,245910477772756;0,0662815;0,0323240423903673;0,0898197630579029;0,1065293;0,04929416464531;0,137093466091962;0,1088104;0,0639046318057561;0,177788845990743
2012-08-12;0,135969;0,0568569541256322;0,158227875604895;0,174254;0,0882040666668202;0,24547107973546;0,0661673;0,0322501157831153;0,0896592878477089;0,1062286;0,0491814265692508;0,136848505834656;0,1086302;0,063758478903219;0,177471169982957
2012-08-13;0,1356318;0,057602315272706;0,158848764640588;0,173981;0,0893603699777939;0,246434315399111;0,066052;0,0326728957871276;0,0900106953460361;0,1059573;0,0498261660753696;0,137385505281289;0,1084479;0,0645943149711513;0,178167573640721
2012-08-14;0,1353733;0,0580249072773544;0,15936192085988;0,173777;0,0900159508812048;0,247230416015258;0,0659607;0,0329125963002578;0,0903013181617091;0,105747;0,050191709357893;0,137829327310694;0,1083056;0,0650682028856096;0,178743141571026
2012-08-15;0,1352452;0,0577909455718552;0,159577437478107;0,174387;0,0896529983772114;0,247564766950618;0,0661432;0,0327798897174448;0,0904237299038936;0,1056291;0,0499893318191033;0,138015726280441;0,1086326;0,0648058419713884;0,178984872363438
2012-08-16;0,1354319;0,05761630138884;0,159784579067626;0,175179;0,0893820671006678;0,247886123458033;0,0664088;0,0326808289216336;0,0905413234157356;0,1057653;0,0498382641054912;0,138194880496604;0,1090651;0,0646099987780697;0,179217208355491
2012-08-17;0,135171;0,0575150674428732;0,159997124919075;0,175862;0,0892250195441056;0,248215864692963;0,0666048;0,032623407511556;0,0906619036394847;0,1055387;0,0497506964551229;0,138378709531969;0,1093989;0,0644964766503463;0,179455606332929
2012-08-18;0,1348471;0,0576178723946924;0,160497678716187;0,17604;0,0893845042538194;0,248992414436365;0,0666358;0,0326817200196781;0,0909456275244906;0,1052709;0,049839623030009;0,13881163113406;0,1094595;0,0646117604789036;0,180017039028103
2012-08-19;0,1338621;0,0574041779798424;0,160119359481504;0,17611;0,0890529930657225;0,248405500164683;0,0665781;0,0325605093476134;0,0907312765079935;0,1044645;0,0496547767551104;0,138484430612136;0,1094047;0,0643721269802317;0,179592711193939
2012-08-20;0,1334805;0,0572949074249526;0,160348367844573;0,175906;0,0888834780528902;0,248760779692203;0,0664889;0,0324985294526107;0,0908611890525979;0,1041613;0,0495602574152313;0,138682497226697;0,1092384;0,0642495927278114;0,17984957275591
2012-08-21;0,1330337;0,0574193132924386;0,16071041128817;0,175616;0,0890764729749402;0,249322447880129;0,066363;0,0325690943235614;0,0910663433732948;0,1038041;0,0496678688434311;0,138995623504109;0,1090294;0,0643890994776808;0,180255649708605
2012-08-22;0,1330541;0,0574520749148397;0,160996166019233;0,175625;0,0891272971594365;0,249765764031723;0,0663683;0,0325876772063753;0,0912282926470377;0,1038217;0,0496962077397224;0,139242769421294;0,1090207;0,0644258378370041;0,180576160129154
2012-08-23;0,1327534;0,0573709500940044;0,161310612026709;0,175456;0,0890014455513907;0,250253593049641;0,066288;0,0325416619931959;0,0914066181130536;0,1035782;0,0496260345396238;0,139514731779003;0,108897;0,0643348657605483;0,180928852526359
2012-08-24;0,132032;0,0572778091273748;0,161508226860811;0,175676;0,0888569529003801;0,250560173169595;0,0662986;0,0324888310421865;0,0915186943097712;0,1029846;0,0495454673393345;0,139685649863744;0,1089443;0,0642304189704028;0,181150505144423
2012-08-25;0,1322287;0,0572307661945089;0,161548359947997;0,176267;0,0887839736483163;0,250622438260419;0,0664958;0,0324621475862217;0,0915414414820176;0,1031302;0,0495047750689881;0,139720363898736;0,1092519;0,0641776657779604;0,181195522326009
2012-08-26;0,1322526;0,057104850059557;0,161196477291173;0,176166;0,0885886357985754;0,250076538133324;0,0664672;0,032390726068949;0,0913419771635174;0,1031531;0,0493958572551472;0,139416029368161;0,1091786;0,0640364654383122;0,180800846786757
2012-08-27;0,1312344;0,0570332559565604;0,161309092042161;0,175888;0,0884775695071994;0,250251249496344;0,0662958;0,0323501168216452;0,0914058441515567;0,1023278;0,0493339281530089;0,139513431642733;0,1089286;0,0639561809563925;0,180927160542638
2012-08-28;0,1326186;0,0569170567787899;0,16139816206069;0,176073;0,088297305893358;0,250389434996153;0,0664475;0,032284206907992;0,0914563754215119;0,1034437;0,0492334155346878;0,139590470943253;0,1091244;0,0638258770571002;0,181027066700821
2012-08-29;0,1326349;0,0568097810241282;0,161484476197296;0,176001;0,0881308854798585;0,250523345936362;0,0664219;0,0322233584935498;0,0915053251171581;0,103456;0,0491406217026634;0,139665127942292;0,1090771;0,0637055797417479;0,181123882439561
2012-08-30;0,132416;0,0567475107968676;0,1615896928598;0,175842;0,088034283624182;0,250686583030987;0,0663517;0,0321880378881836;0,0915649386580479;0,1032798;0,04908675777948;0,139756134531203;0,1089734;0,063635750904939;0,181241900513994
2012-08-31;0,1322645;0,0568274950055576;0,161753088612291;0,175792;0,0881583657630175;0,250940078595063;0,0663201;0,0322334061290741;0,0916574132780333;0,1031552;0,049155944346838;0,139897459861066;0,1089263;0,0637254439171795;0,181425173966235
2012-09-01;0,1319805;0,056726801463867;0,161785701897825;0,176272;0,0880021565534181;0,25099067972405;0,0664581;0,0321762912443942;0,0916758997773353;0,1029187;0,0490688441477012;0,139925672142812;0,1091483;0,0636125277901674;0,181461758183166
2012-09-02;0,1320979;0,0565184785060774;0,16132672291904;0,176259;0,0876789782836764;0,250278633375635;0,0664556;0,032058127343209;0,0914157655484591;0,1030106;0,0488886441983937;0,139528712376725;0,1091413;0,0633789177575242;0,180946961808327
2012-09-03;0,1317972;0,056482133194659;0,161374539815797;0,175724;0,0876225946043065;0,25035281966865;0,0662475;0,0320375117383205;0,091442817709715;0,1027684;0,0488572054009388;0,139570072858512;0,1088225;0,0633381607066597;0,181000597737002
2012-09-04;0,1312559;0,0565305261482485;0,161441781281013;0,175568;0,0876976681880089;0,250457141329914;0,0661528;0,0320649609462556;0,0914808021867072;0,1023298;0,0488990654430398;0,139628234184632;0,108676;0,0633924277907473;0,181076020991351
2012-09-05;0,1315966;0,0565585458216061;0,161670573246239;0,17771;0,0877411360306821;0,250812090805114;0,0668826;0,0320808541245639;0,0916103955305268;0,102578;0,0489233025399599;0,139826119062781;0,109727;0,0634238486042628;0,181332643661915
2012-09-06;0,1323203;0,0565127898064927;0,16185051623044;0,177153;0,0876701532165386;0,251091256565506;0,0667624;0,0320549006276193;0,091712334396336;0,1031801;0,0488837234571194;0,139981754792131;0,1094863;0,0633725385408033;0,181534476030654
2012-09-07;0,1322257;0,0564081966931466;0,16197664051416;0,176777;0,0875078944729187;0,251286929305677;0,0666033;0,0319955738475023;0,0917837948115227;0,1030928;0,048793250117441;0,140090843231613;0,1092692;0,0632552494965121;0,181675944351991
2012-09-08;0,1313068;0,05632200081171;0,16208475870506;0,176057;0,0873741759614445;0,251454666273919;0,0662909;0,0319466822528134;0,0918450174046607;0,102352;0,0487186904355404;0,140184357110818;0,1088251;0,0631585908138121;0,181797215602949
2012-09-09;0,131039;0,056316804604941;0,162210612975971;0,175597;0,0873661149146418;0,251649918380858;0,0660989;0,0319437348865236;0,0919162201875485;0,1021295;0,0487141957019484;0,140293210828041;0,1085519;0,0631527638706571;0,18193837992062
2012-09-10;0,1307559;0,0564514783845093;0,162384378214438;0,175419;0,0875750387870861;0,251919499416948;0,0660135;0,0320201238709639;0,0920144866492084;0,1018992;0,0488306889032199;0,140443501418689;0,1084273;0,0633037848928956;0,182133282771684
2012-09-11;0,1304994;0,0568196492662631;0,162671468113822;0,175306;0,0881461944090921;0,252364890796372;0,0659559;0,0322289559082604;0,0921768385849942;0,101692;0,0491491577600971;0,140691805656637;0,1083393;0,0637166458306309;0,182455293505813
2012-09-12;0,1304086;0,0569087386264308;0,162843689216955;0,175235;0,088284401669477;0,252632076561536;0,0659196;0,032279488727414;0,0922742853846497;0,1016165;0,0492262203093063;0,140840760390715;0,1082815;0,0638165492140974;0,182648464634205
2012-09-13;0,1304237;0,0570446307608307;0,163034019593577;0,175193;0,0884952156159228;0,252927354936228;0,0658971;0,032356568780959;0,0923819578971407;0,101624;0,0493437673909625;0,141005375821668;0,1082476;0,063968936479956;0,182861946222262
2012-09-14;0,1303287;0,0571550878137907;0,163211389762511;0,175025;0,0886665712823127;0,253202525398901;0,0658226;0,0324192216754343;0,0924823017120667;0,1015424;0,0494393130550373;0,141158781004772;0,1081387;0,0640928012523337;0,183060890087503
2012-09-15;0,1312228;0,0572598980512071;0,163471629989042;0,177071;0,0888291668576581;0,253606257247774;0,0665554;0,0324786716115752;0,0926296476110788;0,1022376;0,0495299742076522;0,141383857507055;0,1091626;0,0642103337760842;0,183352781467291
2012-09-16;0,1310652;0,0574339885645745;0,163612661586145;0,17764;0,0890992392082309;0,253825050873594;0,066747;0,0325774183576713;0,0927094151092307;0,1021111;0,0496805629954487;0,141505832496887;0,1094203;0,0644055560931162;0,183510965786077
2012-09-17;0,1307779;0,05742655046514;0,163803788575605;0,177196;0,0890877002394541;0,254121562827688;0,0665715;0,0325731993562904;0,0928176444876144;0,10188;0,0496741290183429;0,141671135078737;0,1091689;0,0643972151273862;0,183725338910995
2012-09-18;0,1296943;0,0574087717302938;0,163850322598588;0,176219;0,0890601195021856;0,254193756420061;0,0661609;0,0325631149916584;0,092843921325657;0,10100951;0,0496587503622791;0,141711380578918;0,1085872;0,0643772783385087;0,183777533906936
2012-09-19;0,130201;0,0576305106361059;0,16410255919547;0,176162;0,0894041103742197;0,254585072470076;0,0661538;0,0326888886194588;0,0929866286714111;0,1014072;0,0498505551446747;0,141929535835399;0,1085789;0,0646259328006701;0,18406044884083
2012-09-20;0,1309599;0,0581717917275524;0,164510923464713;0,176499;0,0902438175694019;0,255218602385727;0,0662831;0,0329959113599277;0,0932176363780782;0,1019983;0,0503187648238897;0,142282724208415;0,1087568;0,065232916758577;0,184518480196405
2012-09-21;0,1305825;0,0581911842200859;0,164590898839142;0,175324;0,0902739017821525;0,255342678650706;0,0658172;0,0330069110720851;0,0932628705392316;0,1016805;0,0503355393849297;0,142351896051524;0,1081068;0,0652546631895122;0,184608185413576
2012-09-22;0,1299198;0,058782370013262;0,164942794294838;0,175507;0,0911910277857467;0,255888605083447;0,0658625;0,0333422405066716;0,0934618430830761;0,10115892;0,0508469167726742;0,142656245497278;0,1081704;0,0659176094816898;0,185002881169589
2012-09-23;0,129931;0,0593044106417053;0,165311015550673;0,175647;0,0920008866165988;0,256459859991778;0,0659163;0,0336383497684091;0,093670143681327;0,10117;0,0512984833968239;0,142974716228371;0,108244;0,0665030174921449;0,185415888939848
2012-09-24;0,1297809;0,0593966645081387;0,16550958269398;0,175626;0,0921440030798406;0,256767915724461;0,0658949;0,0336906775429034;0,093782577488857;0,1010468;0,0513782832529277;0,143146455287703;0,1082147;0,06660646950232;0,18563860830588
2012-09-25;0,1298997;0,0598228406752014;0,165841102090136;0,176766;0,0928051442125217;0,257282229497403;0,0662935;0,0339324110466259;0,0939701770080625;0,101136;0,0517469268461045;0,143433182987664;0,1087616;0,0670843766391794;0,18601044875533
2012-09-26;0,1301301;0,0601990618382593;0,166288488476701;0,176879;0,0933887885012133;0,257976298072647;0,0663517;0,0341458093240269;0,094223490423145;0,1013236;0,052072359219141;0,143820122832737;0,1088294;0,0675062650336011;0,186512248673958
2012-09-27;0,1300476;0,0604986311081069;0,166594087220858;0,17636;0,0938535201818901;0,258450399330187;0,0661497;0,0343157294997771;0,094396505064955;0,1012501;0,05233148748716;0,144084431163256;0,1085609;0,0678421972210592;0,186855016118781
2012-09-28;0,129878;0,0606121678983845;0,166843406203589;0,176867;0,0940296535462742;0,258837190755183;0,0663163;0,0343801292673764;0,09453770231825;0,1011124;0,052429697132749;0,144300065513383;0,1087874;0,0679695155616031;0,187134660139135
2012-09-29;0,1299779;0,0606870295269646;0,166951066724798;0,178244;0,0941457888577698;0,259004215784503;0,0667701;0,0344225919041206;0,094598626488699;0,101172;0,052494452653784;0,144393180996558;0,1094066;0,0680534641944465;0,187255417009369
2012-09-30;0,1302682;0,0604470624363118;0,166708558983698;0,178963;0,093773520001879;0,25862799715358;0,0670396;0,0342864789769211;0,094461220657583;0,1014044;0,0522868804398046;0,144183441906305;0,1097534;0,067784368937373;0,186983418262395
2012-10-01;0,1304381;0,0603765709968658;0,166602444283739;0,178856;0,0936641643088076;0,258463375449279;0,0670085;0,034246495176895;0,0944010294399733;0,1015392;0,0522259051447648;0,144091666823793;0,109714;0,0677053209647213;0,186864400373003
2012-10-02;0,1300015;0,0605620571275952;0,166579737720817;0,17821;0,0939519150561389;0,258428151841886;0,0667415;0,0343517056878022;0,0943879775528893;0,101181;0,0523863511738984;0,14407203055398;0,1093828;0,0679133221447849;0,186838935075024
2012-10-03;0,129633;0,0606148200751453;0,166501633019878;0,177652;0,0940337679554862;0,258306984795343;0,0665128;0,03438163362175;0,0943436424153686;0,1008791;0,0524319912731688;0,144004481567856;0,1090999;0,0679724896701998;0,186751334127836
2012-10-04;0,1298585;0,060501349035888;0,166356848648339;0,177586;0,0938577365928267;0,258082371427324;0,0664929;0,034317271149114;0,0942615930629634;0,1010544;0,0523338385023989;0,143879261715396;0,109074;0,0678452450617984;0,18658894320684
2012-10-05;0,1310945;0,0605276145845684;0,166246389822786;0,177251;0,0938984832040808;0,257911009741505;0,0663726;0,0343321693616384;0,0941989113932199;0,102007;0,0523565582764985;0,143783729160922;0,1089207;0,0678746988279591;0,186465052305748
2012-10-06;0,1311119;0,0607890710133423;0,166553751589552;0,177106;0,0943040891783839;0,258387845039157;0,0663134;0,0344804713632118;0,0943729520650769;0,102016;0,0525827188288979;0,144049561828707;0,1088514;0,0681678918850696;0,186809796372357
2012-10-07;0,1306544;0,0610598484308686;0,166854288570293;0,176963;0,0947241551097138;0,258854093811879;0,0662439;0,0346340603691825;0,0945431251930383;0,1016521;0,0528169420630033;0,144309491743219;0,1087764;0,0684715373498737;0,187146886494266
2012-10-08;0,1304209;0,0611048322416737;0,166698773876066;0,176954;0,0947939399778658;0,258612833207795;0,0662239;0,0346595758602801;0,0944549310390907;0,1014623;0,0528558531869271;0,144174990022801;0,1087693;0,0685219814757736;0,186972459833116
2012-10-09;0,1308633;0,061192531114455;0,166538388360315;0,177444;0,0949299901293444;0,258364015292995;0,0663937;0,0347093199741662;0,0943639284064048;0,1018018;0,0529317129606034;0,144036274917904;0,1090147;0,0686203255889265;0,186792569330046
2012-10-10;0,131013;0,0613512150235909;0,166395032910716;0,177598;0,0951761617070454;0,258141618212024;0,0664391;0,0347993278636364;0,0942825240210074;0,1019119;0,0530689749920455;0,143912289067081;0,1090912;0,0687982711864091;0,186631780644831
2012-10-11;0,130906;0,061424556403438;0,166207556856349;0,177442;0,0952899386065812;0,257850773433012;0,0663751;0,0348409281925343;0,0941762085873416;0,1018247;0,0531324154936149;0,143750144304594;0,1090142;0,0688805150366403;0,186421505504493
2012-10-12;0,1305427;0,0612932200522469;0,165927354890491;0,177156;0,0950861921967641;0,2574160763525;0,0662473;0,0347664322474458;0,094017426225345;0,1015288;0,0530188091773549;0,143507803021031;0,1088765;0,0687332365532003;0,186107227612194
2012-10-13;0,1309381;0,0611266100488248;0,165477797886795;0,178564;0,094827724607791;0,256718645694841;0,0667725;0,0346719285586074;0,0937626634161437;0,1018493;0,0528746910518763;0,143118990003219;0,1095665;0,0685464027603668;0,185602997949983
2012-10-14;0,1310106;0,0609586927774316;0,164924920537646;0,179304;0,0945672290109331;0,255860925236885;0,0670385;0,0345766833678001;0,0934493100607177;0,1019082;0,0527294421358952;0,142640816528308;0,1099036;0,0683581030181408;0,18498288168003
2012-10-15;0,1308317;0,0608109639354016;0,164577396910411;0,179544;0,09433805238986;0,255321787598006;0,0671148;0,0344928893564388;0,0932523190018966;0,1017658;0,0526016562685692;0,142340251090339;0,1099792;0,0681924422576795;0,184593095062333
2012-10-16;0,1308744;0,0608055750148005;0,164211196991434;0,179188;0,0943296923797386;0,254753676622478;0,0669729;0,0344898326799776;0,0930446027619954;0,1017896;0,0525969948369658;0,142023534261216;0,1098129;0,0681863992083157;0,184182361347831
2012-10-17;0,1304756;0,0612694924192992;0,164056162220469;0,178842;0,0950493827378236;0,254513159984183;0,0668354;0,034752973578729;0,0929563300372654;0,1014733;0,0529982847075617;0,141889450353421;0,1096405;0,0687066287651472;0,184008472725722
2012-10-18;0,1307774;0,0616951602983018;0,164397886437903;0,178757;0,0957097353464863;0,255043303675577;0,0668187;0,0349944187738525;0,0931497864744099;0,1017145;0,053366488630125;0,142185005756562;0,1095798;0,0691839659159063;0,18439175781302
2012-10-19;0,1313993;0,0618071103925351;0,164721827659714;0,178539;0,0958834072170069;0,255545857813781;0,0667336;0,0350579185436955;0,0933333778154855;0,1021889;0,0534633257791356;0,142465178806925;0,1094979;0,0693095049608859;0,18475509609771
2012-10-20;0,1310755;0,062105798368553;0,165087244133855;0,178441;0,0963467717175226;0,256112755536954;0,0666801;0,0352273388363886;0,093540374335981;0,1019279;0,0537216917254926;0,142781223077053;0,1094652;0,0696444488795402;0,185164953758697
2012-10-21;0,13109;0,0624873354792417;0,16546516945258;0,178558;0,096938662810962;0,256699059109294;0,0667238;0,0354437523988893;0,0937544287286807;0,1019405;0,0540517224083061;0,143108086291914;0,1095172;0,070072298492604;0,185588841545305
2012-10-22;0,1311434;0,0626027769708937;0,165735950177704;0,178365;0,0971177510013579;0,257119140494431;0,0666453;0,03550923254163;0,0939078705160343;0,1019756;0,0541515796259858;0,143342280813506;0,1094321;0,0702017527348025;0,185892553494761
2012-10-23;0,1312974;0,0631572809992866;0,166188935787616;0,17819;0,0979779713743894;0,257821891020938;0,066572;0,0358237555299414;0,0941643178734556;0,1020873;0,0546312271831606;0,143734061449919;0,1093639;0,070823564682694;0,186400630205122
2012-10-24;0,1315157;0,0633655584004413;0,16640432428139;0,17812;0,0983010789706222;0,258156040691201;0,0665349;0,0359418935907212;0,0942862892018507;0,1022479;0,0548113877258497;0,143920350585867;0,1093425;0,0710571236288556;0,186642215018818
2012-10-25;0,1312892;0,0634938065565639;0,166631168494398;0,17832;0,0985000345616574;0,258507962698484;0,0665997;0,0360146378653227;0,0944147216335228;0,1020701;0,0549223227446171;0,144116549496086;0,1094371;0,0712009390597429;0,186896649039343
2012-10-26;0,131274;0,0634693631305415;0,166608674248899;0,178432;0,0984621146693312;0,258473068556527;0,066637;0,0360007731880554;0,0944018480698734;0,1020568;0,0549011791117844;0,144097098350044;0,1094915;0,0711735285927854;0,18687142198436
2012-10-27;0,1313178;0,0633785850217749;0,16658497392102;0,17841;0,0983212875975917;0,258436300435249;0,0666173;0,0359492824854084;0,0943882948334382;0,1020826;0,0548226557902478;0,144076603282885;0,1095041;0,0710717314736523;0,186844840256661
2012-10-28;0,1314281;0,063092508938105;0,166479657302679;0,178398;0,0978774883413029;0,258272914956624;0,066607;0,0357870158469116;0,0943285776735804;0,1021643;0,0545751991665401;0,143985516768318;0,1095073;0,0707509303293441;0,186726716569133
2012-10-29;0,1315784;0,0631501980080441;0,166560887805296;0,178452;0,0979669832966537;0,258398930617725;0,0666255;0,0358197379512446;0,0943744716155497;0,1022796;0,054625100375648;0,144055767865926;0,1095324;0,0708156219296105;0,186817824951308
2012-10-30;0,1315699;0,0633339288403565;0,166621519708237;0,178689;0,0982520109917043;0,258492990326944;0,0667006;0,0359239528306049;0,0944086567832949;0,1022672;0,0547840280666725;0,144108204191764;0,1096791;0,0710216547461059;0,186885829823282
2012-10-31;0,1319126;0,06414521859568;0,166753050095547;0,178721;0,0995105915253457;0,258697040876927;0,0667185;0,0363841285284629;0,0944827491215118;0,1025358;0,0554857960059058;0,144221959361807;0,1096802;0,071931422100771;0,187033356246222
2012-11-01;0,1322025;0,0642634317852787;0,166787007952886;0,17921;0,0996939795421084;0,258749720727386;0,0668992;0,0364511808197838;0,0945019423826221;0,1027639;0,0555880507501702;0,144251326307202;0,1099198;0,0720639844807124;0,187071444177889
2012-11-02;0,1323196;0,0641560486496196;0,166373666162328;0,179446;0,0995273925449288;0,258108470077987;0,0669652;0,0363902714972318;0,0942677074897342;0,1028427;0,0554951640332785;0,143893830805757;0,1100727;0,0719435667500272;0,186607832443615
2012-11-03;0,1325212;0,0639702664657896;0,165927878157;0,179992;0,0992391825206661;0,257416884467922;0,0671605;0,0362848930605727;0,0940150977208093;0,1029989;0,0553344619173733;0,143508274088001;0,1103729;0,0717352335807521;0,186107829336328
2012-11-04;0,1327428;0,0646443169624956;0,165751724942347;0,18092;0,100284859269668;0,257143602567865;0,0675194;0,0366672245958569;0,0939148993098956;0,1031889;0,0559175175086817;0,143355918412816;0,1107969;0,072491103026009;0,185910252599901
2012-11-05;0,1327826;0,0644424467064161;0,165504062094072;0,181069;0,0999716912887396;0,256759381250527;0,0675776;0,0365527207637074;0,0937746759693381;0,1032231;0,0557428991646538;0,143141714208753;0,1108585;0,0722647289498495;0,185632468552468
2012-11-06;0,1328795;0,0641329193701941;0,165011382332175;0,181017;0,0994915113315262;0,255995046918406;0,0675411;0,0363771522235928;0,0934955729435749;0,103286;0,055475157140979;0,142715600131056;0,1108709;0,071917629946043;0,185079869299502
2012-11-07;0,1331031;0,0641435461493303;0,164844261781136;0,181415;0,0995079970042077;0,255735775367152;0,0676584;0,0363831798918493;0,0934008861853853;0,1034418;0,0554843493350702;0,142571054104997;0,1111427;0,071929546646186;0,184892421777787
2012-11-08;0,1331113;0,0642004040078443;0,16486007076003;0,182006;0,099596202473882;0,255760298035995;0,0678619;0,0364154305206151;0,0934098770314257;0,1034439;0,0555335315439379;0,142584720307168;0,1114398;0,0719933061392559;0,184910152455734
2012-11-09;0,1328763;0,064305480349448;0,164872511896204;0,182096;0,0997592108654227;0,255779594318853;0,067885;0,0364750313950358;0,0934169304503716;0,1032579;0,0556244228774295;0,142595471965704;0,111465;0,0721111370679857;0,184924104423622
2012-11-10;0,1327631;0,0643286127127236;0,164854883818837;0,182174;0,0997950968629035;0,255752241953477;0,067881;0,0364881524178807;0,0934069724427746;0,1031495;0,055644432437268;0,14258021789419;0,1115716;0,07213707733015;0,184904330349742
2012-11-11;0,132755;0,0642298139333839;0,16481622197695;0,182112;0,0996418270605812;0,255692259329971;0,0678606;0,0364321122707793;0,0933851152309266;0,1031453;0,0555589712129384;0,142546773515942;0,111517;0,0720262859593306;0,184860965105497
2012-11-12;0,1337989;0,0641947512134129;0,164628682293198;0,181695;0,0995874331075917;0,255401310892962;0,0677192;0,036412224170966;0,0932788081612471;0,1039548;0,0555286418607231;0,142384566924572;0,1113004;0,0719869671859996;0,18465061561267
2012-11-13;0,1339943;0,0644221021153549;0,164547941599648;0,181586;0,0999401300541665;0,255276047454025;0,0676699;0,0365411810070079;0,0932329291494317;0,1040981;0,0557253010356871;0,14231472910231;0,1112784;0,0722419148508546;0,184560053642435
2012-11-14;0,1338358;0,0642676855618795;0,164361820049194;0,181793;0,0997005785659333;0,254987300571634;0,067737;0,0364535936255698;0,0931274835354611;0,1039712;0,0555917302789939;0,142153752220269;0,1114051;0,0720687545977514;0,184351296011457
2012-11-15;0,1336948;0,0637155871347019;0,163630535816456;0,183283;0,098844090081344;0,253852801738899;0,068279;0,0361404351302904;0,0927131785275506;0,1038706;0,0551141635736928;0,141521275527448;0,1121385;0,071449640252584;0,183531074244941
2012-11-16;0,1335139;0,0635657262542226;0,163482354154673;0,18359;0,0986116059587627;0,253622914192713;0,0683745;0,0360554317947945;0,092629278588886;0,1037217;0,0549845334870615;0,141393113100078;0,1123182;0,0712815886583086;0,183364870805718
2012-11-17;0,1336138;0,0633143571460295;0,162878696492916;0,184122;0,098221648777306;0,252686411048064;0,0685757;0,0359128514725068;0,0922872244079991;0,1038081;0,0547670984955729;0,140871018228062;0,1125318;0,0709997073611459;0,182687796383744
2012-11-18;0,1335919;0,0630117709215973;0,162254465465273;0,184004;0,0977522367955578;0,251717991668633;0,068494;0,0357412200349389;0,0919335324348224;0,1037617;0,0545053605532818;0,140331130333209;0,1126323;0,0706603920090742;0,181987647094424
2012-11-19;0,1335702;0,0630085305135295;0,162179055425071;0,183764;0,0977472098437339;0,251600999963273;0,0684098;0,0357393820269595;0,0918908359759395;0,1037469;0,0545025575911132;0,140265908066905;0,1124759;0,0706567582672988;0,181903065335984
2012-11-20;0,1335695;0,0631264653164713;0,16212380268433;0,183877;0,0979301659901013;0,251515279965779;0,0684574;0,0358062764131998;0,0918595194273322;0,1037525;0,0546045715301297;0,140218119349731;0,112485;0,070789008468896;0,18184109244711
2012-11-21;0,1337871;0,0631178570521186;0,162029430692567;0,183637;0,097916811705924;0,251368871166249;0,0683724;0,0358013936767547;0,091806047531645;0,1039206;0,0545971253570509;0,140136498028195;0,1123581;0,070779355298944;0,181735242548237
2012-11-22;0,1339513;0,0632611074479685;0,161976115109703;0,183661;0,09813904076585;0,251286156542998;0,0683603;0,0358826474463803;0,0917757599322648;0,1040321;0,05472103735573;0,140090385860575;0,1124604;0,0709399940014939;0,181675442503179
2012-11-23;0,1339891;0,0635338851624205;0,161931727348706;0,184357;0,0985622098237208;0,251217291882578;0,0686055;0,0360373710507207;0,0917504934413229;0,1040591;0,054956990852349;0,140051995684392;0,1128398;0,0712458825672747;0,181625655787773
2012-11-24;0,1340222;0,0636706478481031;0,161841210733972;0,184049;0,0987743742850605;0,251076865695088;0,0684982;0,0361149448939893;0,0916991376355294;0,1040874;0,0550752909633336;0,13997371130175;0,1126403;0,0713992460554167;0,181524131200014
2012-11-25;0,134548;0,0635231481052221;0,16130867980126;0,183889;0,0985455530730471;0,250250708680309;0,0684342;0,0360312808310959;0,091397361897561;0,1044875;0,0549477032674212;0,139513135897639;0,1125939;0,0712338422030765;0,18092683493776
2012-11-26;0,1345428;0,0638502596049812;0,161346841467529;0,183955;0,0990530119226451;0,250309912393424;0,0684465;0,0362168233720824;0,0914188961644762;0,1044757;0,0552306556424256;0,139546144762053;0,1126613;0,0716006598066067;0,180969639190391
2012-11-27;0,1344453;0,064085034814568;0,161215190995433;0,184493;0,0994172264423388;0,250105672294382;0,0686429;0,0363499913865956;0,0913442148995211;0,1044044;0,0554337368645582;0,139432284382233;0,1129243;0,0718639329712994;0,180821978085492
2012-11-28;0,1343581;0,0642724704510555;0,161089113732487;0,184935;0,0997080015221989;0,249910078793734;0,0688114;0,0364563076863616;0,0912726851256779;0,1043462;0,0555958692217015;0,139323243805614;0,1130875;0,0720741202959368;0,180680568258201
2012-11-29;0,1344979;0,0643241959709698;0,160932476097926;0,184766;0,0997882450258663;0,249667073529231;0,0687487;0,0364856471758196;0,0911838726894725;0,104452;0,0556406119431248;0,139187771593058;0,1130046;0,0721321244665952;0,180504880574389
2012-11-30;0,1347099;0,0642490072443132;0,160603943166943;0,184851;0,0996716022763451;0,249157394606125;0,0687452;0,0364429990041482;0,0909976536884927;0,10459;0,055575573481326;0,138903631376524;0,1131981;0,0720478090312009;0,180136392540667
2012-12-01;0,1347305;0,0638610171135769;0,159896187534552;0,185594;0,0990697004002453;0,248059398698529;0,0690343;0,0362229251920459;0,090596569277613;0,1046247;0,05523996091787;0,138291507233103;0,1134634;0,0716127231046746;0,179342561354786
2012-12-02;0,1348226;0,0636198695208483;0,159217911959603;0,185866;0,0986956001925808;0,247007137701145;0,0691244;0,0360861426663916;0,0902121530068126;0,1046904;0,0550313675662471;0,137704880163278;0,1136366;0,0713423040514561;0,178581795628525
2012-12-03;0,1349246;0,0636456755557425;0,158926558876076;0,185753;0,0987356339449549;0,246555141132839;0,0690808;0,0361007802358154;0,0900469550942267;0,1047669;0,0550536898596184;0,137452898151819;0,1135904;0,0713712425262069;0,178255010759907
2012-12-04;0,1350979;0,0642858270143636;0,158859926225688;0,185669;0,0997287219990268;0,246451769435423;0,069035;0,0364638837290775;0,0900088638483715;0,1048886;0,0556074226868432;0,137395270643225;0,1136115;0,0720890981323862;0,178180275688538
2012-12-05;0,1351512;0,0640398046343531;0,158433503694576;0,185695;0,0993470593732022;0,245790226118389;0,0690355;0,0363243361510795;0,0897672449401623;0,1049234;0,0553946126303962;0,137026467598951;0,1136544;0,0718132125706841;0,177701992314839
2012-12-06;0,1352836;0,0639570165096013;0,158214736748221;0,185626;0,0992186274269764;0,24545083754449;0,0690044;0,0362773774870116;0,0896431891744302;0,1050211;0,0553230006676926;0,136837263479403;0,1136388;0,0717203752918218;0,17745662118627
2012-12-07;0,1353538;0,0637838946900893;0,157849143132581;0,185669;0,0989500578431049;0,24488366685583;0,0690196;0,0361791801985759;0,0894359610109377;0,1050752;0,0551732498028282;0,136521072328174;0,1136518;0,0715262392525845;0,177046567649993
2012-12-08;0,1356995;0,0639682337065659;0,157255741106822;0,185769;0,0992360290342924;0,243963078724077;0,0690506;0,0362837400491015;0,0890994471387693;0,1053388;0,0553327035748797;0,136007851056918;0,1137124;0,0717329540770735;0,176380999318124
2012-12-09;0,1360418;0,0641373294191372;0,15669436806993;0,185901;0,0994983527857856;0,243092177786636;0,0690818;0,0363796536693915;0,0887811234141357;0,1055914;0,055478971845822;0,135522330405447;0,1138385;0,0719225753043869;0,175751354036992
2012-12-10;0,1357212;0,0643972628048844;0,156644621721765;0,186023;0,0999015960132493;0,24301500579026;0,0691352;0,0365270917781534;0,0887528783320495;0,1053519;0,0557038149616839;0,135479309218696;0,1138377;0,0722140604454091;0,175695561045148
2012-12-11;0,1358862;0,0651948317086274;0,156769306350433;0,186027;0,101138890937661;0,243208439440803;0,069132;0,0369794848035323;0,0888233442718867;0,1054759;0,0563937143253867;0,135587148788198;0,113863;0,0731084414565833;0,175835411307808
2012-12-12;0,135837;0,0653684059502644;0,156760435491957;0,186059;0,101408162378884;0,243194676636932;0,0691512;0,037077938712572;0,0888183271334019;0,1054442;0,0565438565366723;0,135579479259928;0,1138293;0,0733030848347548;0,175825462080531
2012-12-13;0,1359764;0,0652342337197627;0,156548210616722;0,186039;0,101200016576036;0,242865433796643;0,0691398;0,0370018342142727;0,0886981435881222;0,1055492;0,0564277971767658;0,135395930950861;0,1138229;0,073152626241617;0,175587426344136
2012-12-14;0,13599;0,066338286710218;0,156652794969532;0,186194;0,102912770364405;0,243027679397181;0,0691973;0,0376280696030732;0,0887569929418185;0,1055616;0,0573828061446866;0,135486384759574;0,1138861;0,0743906936052757;0,175704728397789
2012-12-15;0,1366732;0,066220147315517;0,156024448713904;0,186921;0,102729496828099;0,242052872359729;0,0694551;0,0375610591693234;0,088400763700954;0,106086;0,0572806152332181;0,134942936164618;0,1143147;0,0742582139777522;0,174999960832717
2012-12-16;0,1365205;0,0653449570933965;0,155146110282681;0,188147;0,101371785394464;0,2406902349221;0,0699233;0,0370646381698223;0,0879030989915862;0,1059902;0,0565235732089789;0,134183275491106;0,114854;0,0732767896617385;0,17401479874296
2012-12-17;0,1365548;0,0648611710652855;0,154809201560632;0,187822;0,100621272185794;0,240167562478365;0,0698028;0,0367902274902357;0,0877122826466239;0,106014;0,0561050969226094;0,13389188739948;0,1146835;0,0727342797481959;0,173636916708959
2012-12-18;0,1375539;0,0655942907533762;0,154896633221765;0,186889;0,101758584918028;0,240303200578286;0,0694368;0,0372060639554034;0,087761595265618;0,1067613;0,0567392475319902;0,133967500380956;0,114305;0,0735563884398325;0,173734981599576
2012-12-19;0,1381464;0,0662069774342346;0,154949836165117;0,186742;0,10270906595725;0,240385741868935;0,0693685;0,0375535890154479;0,0877914726749004;0,1072077;0,057269223248558;0,13401350867143;0,1142686;0,0742434454835404;0,173794658255561
2012-12-20;0,1382515;0,066213021037717;0,154967475281547;0,186654;0,1027184415985;0,240413108958255;0,0693407;0,037557017037843;0,0878015570515368;0,1072928;0,0572744509827104;0,134028760878183;0,1141702;0,0742502226838154;0,173814445058707
2012-12-21;0,1377182;0,0662332969433356;0,15512055331544;0,186694;0,102749896279083;0,24065059618142;0,0693595;0,0375685178351308;0,0878885390543958;0,1068862;0,0572919896985745;0,134161153830833;0,1141353;0,0742729597600536;0,173986144712576
2012-12-22;0,1371807;0,0659912215532939;0,154677919725972;0,186904;0,102374356748871;0,239963908813775;0,0694387;0,0374312090489472;0,0876378282939512;0,1064751;0,0570825937996445;0,133778327180468;0,1142131;0,0740015002897686;0,173489682216998
2012-12-23;0,1375048;0,0657660282638799;0,154336625736631;0,187036;0,102025006977715;0,239434435599668;0,0694752;0,0373034760430403;0,0874445563365318;0,1067165;0,0568878009656364;0,13348314668447;0,1143418;0,0737489721370905;0,173106882841996
2012-12-24;0,1380091;0,0656611541323162;0,15400914030451;0,188043;0,101862312281273;0,238926383645507;0,0698512;0,0372439898651822;0,0872590880996069;0,1071168;0,0567970845444029;0,133199907731638;0,1148382;0,0736313679634652;0,172739570699382
2012-12-25;0,1378895;0,0650144592381643;0,153433888601641;0,188923;0,100859073180022;0,238033952869421;0,0701733;0,0368771748373026;0,0869333862805166;0,1070294;0,0562376916268864;0,132702380465453;0,1152896;0,0729061746533471;0,172094359407894
2012-12-26;0,137963;0,0650371038256225;0,153519315063072;0,188631;0,100894202474803;0,238166487726678;0,0700623;0,0368900191863997;0,0869820252479037;0,1070818;0,0562572792592594;0,132776263632579;0,1151496;0,0729315679315121;0,172190180443397
2012-12-27;0,1383489;0,064855879333079;0,153394530567743;0,188495;0,100613062947233;0,237972904865543;0,0700011;0,0367872259404873;0,0869115025220865;0,1073705;0,0561005195592431;0,132668338677863;0,115117;0,0727283456843433;0,172050223928019
2012-12-28;0,1384083;0,0645863722507205;0,153207537573076;0,188389;0,100194967728713;0,237682814151831;0,069954;0,0366343574876464;0,0868057736879638;0,1074101;0,0558673951686607;0,132506612002932;0,1150784;0,0724261247530768;0,17184049398597
2012-12-29;0,1382179;0,0641951815663042;0,152765485204262;0,188425;0,0995881007282143;0,236997027590775;0,0699623;0,0364124682735702;0,0865554132650715;0,1072601;0,0555290141171945;0,132124288733437;0,1151048;0,0719874497768482;0,171344682814941
2012-12-30;0,1381052;0,0637602833396979;0,152220537300274;0,188346;0,0989134287771262;0,236151610595331;0,0699412;0,0361657874870663;0,0862467040549864;0,1071798;0,0551528259177761;0,131652973685143;0,1150081;0,0714997618619301;0,170733461706691
2012-12-31;0,1382234;0,0645839984430234;0,151937686883945;0,188283;0,100191285162603;0,235712805510789;0,0699119;0,0366330110283741;0,0860860327253595;0,107266;0,0558653418182704;0,131408342108015;0,1149948;0,0724234628030955;0,170416213915167
