"";"Jurumirim";"Chavantes";"Capivara"
"1";0,001;0,001;0,001
"2";0,00132504301110043;0,00148148948389311;0,00133974063675158
"3";0,00163890798755079;0,00195130306822945;0,00163336719363015
"4";0,00196932259236637;0,00271029692421549;0,00222785461998252
"5";0,00261767259126874;0,00301628316595219;0,00261388074845543
"6";0,00288136727589845;0,00306644128392796;0,00290262241461065
"7";0,00309132471004877;0,00343613205510859;0,00329472167383314
"8";0,00331871513836906;0,00394551684873689;0,00361854651077192
"9";0,0037920388723555;0,00661573350836766;0,00389080921208418
"10";0,0042586607612268;0,00733908484000245;0,00441063029329682
"11";0,00440330458498371;0,00786102099211233;0,00490199765751083
"12";0,00468135594823085;0,00887618191379787;0,00517166260653115
"13";0,0053955700024633;0,00934832047848213;0,00550417130418856
"14";0,00644415296762684;0,00972948086607854;0,00591921908215521
"15";0,00668731414059201;0,0105688627551771;0,00716147266649867
"16";0,00726822532010942;0,0114511741189364;0,00750691727239889
"17";0,00791271049011503;0,0134622077680409;0,00782741427976258
"18";0,00827437707156111;0,0137493087195652;0,00802302888819712
"19";0,00866696472245635;0,0140344440386205;0,00835751838448536
"20";0,00911784350268739;0,015086784812073;0,00849701267468142
"21";0,00994132141232318;0,0155639990874752;0,00880287686278391
"22";0,0104647184414694;0,0166256794800881;0,00917424462749443
"23";0,0107019103418298;0,0170909994941895;0,00981443534498115
"24";0,0113113387658143;0,0175660272522267;0,0106065188691309
"25";0,011378897615456;0,0185088303088429;0,0108820765707947
"26";0,0117297784290117;0,0195006139794863;0,0110484168951111
"27";0,0123561142785939;0,0208637536529734;0,0111212315245486
"28";0,0127655771596923;0,0217042961042427;0,0116529263465874
"29";0,0129378118512182;0,0223161936272399;0,0119057425576032
"30";0,0139513385450458;0,0224067627753252;0,0119078399238402
"31";0,0143975304849908;0,0224904038212748;0,0119592061970663
"32";0,0145074095712007;0,0228369812284447;0,0120576783910941
"33";0,0147111683189365;0,0232051157894018;0,0120453349644189
"34";0,0148873049147343;0,0232307973203291;0,0120404922483668
"35";0,0149639476413252;0,0238013219104759;0,0124191913174601
"36";0,0152880706094852;0,0249592455513093;0,0126255834050424
"37";0,0154992672365803;0,0255529063172465;0,0127327369619903
"38";0,0159334304835511;0,0271066635498853;0,0127952283949452
"39";0,015948287027686;0,0275308591300323;0,0129232883284572
"40";0,0163975390015763;0,0282058963481744;0,0128838694655685
"41";0,0163999722212253;0,0290670312837225;0,0128489601117028
"42";0,0163969155546307;0,0293963983485905;0,0131314501724647
"43";0,0164600969788466;0,0295892193236629;0,0132412271039393
"44";0,0167298854162831;0,0298434222380034;0,0134000602230557
"45";0,0170420542700421;0,0300520787045373;0,013461328098499
"46";0,0174419388174327;0,0298735817128049;0,0134990714034183
"47";0,0184668744903412;0,0301278335669971;0,0135809289867801
"48";0,0185372741029292;0,0300117350825806;0,0136288191871039
"49";0,0186553863833874;0,0299970936295257;0,0137378131629698
"50";0,0190148684694643;0,0301171466576945;0,0136855107502023
"51";0,0190258008236437;0,0303242346576493;0,0138543882139361
"52";0,0193015071852649;0,0303548894962548;0,0140243189534644
"53";0,0193836499715096;0,0303972161824216;0,0140388591678837
"54";0,0193489327739261;0,0303649816181552;0,0142499654116463
"55";0,0194506169373636;0,0305976460150457;0,0143180400620381
"56";0,0198332068665541;0,0306646880839629;0,0145353058647221
"57";0,0202974023767716;0,0305931702721555;0,0151410248343286
"58";0,0205562215371796;0,031207458584638;0,0152668164479518
"59";0,0207541703131174;0,0312162882201444;0,0154515264230084
"60";0,0208398426937055;0,0312751468937543;0,0158228530486489
"61";0,0209344427598301;0,0313460220924279;0,0158473636672367
"62";0,0213469174101332;0,0318556637093703;0,0159167212222169
"63";0,021424030150431;0,0320818459500493;0,0159864338922716
"64";0,0215282227699105;0,0321074328045357;0,0160695881865757
"65";0,0217526513008085;0,0322317232558991;0,0161583975704295
"66";0,0224078018412451;0,0324101000879507;0,0162907037328128
"67";0,0225079923969268;0,0324456060766939;0,0163490844063436
"68";0,0224308664453659;0,0325926911855906;0,0164497170413216
"69";0,0224858288248027;0,032691121523231;0,0165545675241249
"70";0,0224891053815237;0,0328612937738625;0,0165263019127607
"71";0,0235018837930744;0,0327750972196553;0,0164697942135588
"72";0,0241348715390627;0,0327732887297004;0,0163594542902827
"73";0,0242228860168952;0,0326778262824201;0,0163036749927144
"74";0,0244096182511466;0,0326464763579365;0,0163350553512727
"75";0,0251061701881407;0,0325249571889985;0,0164178546439067
"76";0,025168471028095;0,0324574403915358;0,0164675078067323
"77";0,0253648439389659;0,0325924861496656;0,0165860003275375
"78";0,0255802828535923;0,0329633829256503;0,0167249763007065
"79";0,0257088222729755;0,0331886639105645;0,0167727708643568
"80";0,0259389107585987;0,0334031061747123;0,0167048164997358
"81";0,0259868932001671;0,033413477684003;0,0166582227269601
"82";0,0261106383725508;0,0334463907097804;0,0167697517001179
"83";0,0261966691860775;0,033501518403342;0,0168375164765057
"84";0,0262464266935443;0,033572391438672;0,0168414996390939
"85";0,0268576839659698;0,0336230740207657;0,0168534349120327
"86";0,0268896125991988;0,0335809724353328;0,0168514264973867
"87";0,026891684481214;0,0335065093013891;0,0168417862068137
"88";0,0268970995453827;0,0335783787475616;0,0167838722672937
"89";0,0269930850773531;0,0341757527295787;0,0167909422327245
"90";0,0270090356084141;0,0346212463200075;0,016748528551486
"91";0,0269898807751443;0,0349939796490709;0,016821598734187
"92";0,0269714905341055;0,0354774075163304;0,0168301770150168
"93";0,027064513937744;0,0359028419016673;0,0169102379549136
"94";0,027087672618502;0,0359094048108459;0,0168242621201544
"95";0,02737569913712;0,0359149482356033;0,0167572796650442
"96";0,0274937837404786;0,0359538410776119;0,01680391373206
"97";0,0274541496391963;0,0358626436877719;0,0169214632107079
"98";0,0274842529837522;0,035818618765912;0,0168827147513571
"99";0,0274054717359577;0,035736800199831;0,0168752011950767
"100";0,0275416135388898;0,035615623979759;0,0168507307777943
"101";0,02756389247868;0,0356359039000774;0,0168247617621084
"102";0,0276082572500338;0,0356543601287856;0,0167564275715725
"103";0,0276225804321322;0,0359243206183313;0,0167667425554064
"104";0,0277743951959341;0,0361165964868008;0,0169235461386857
"105";0,0280555061363745;0,0360930370199974;0,0168562650135964
"106";0,0281922150879482;0,0361102831248763;0,0169456852217488
"107";0,0281168640942478;0,0362354265014996;0,0169915461662634
"108";0,0280192076216542;0,0363110043764201;0,0169941330419438
"109";0,0280648656542984;0,036223869691895;0,0170348840281849
"110";0,0284129014428543;0,0365270446633084;0,0172465927181215
"111";0,028842086705614;0,0365488878232867;0,0173951466343327
"112";0,0288567321525426;0,0364928694860258;0,0173714507091623
"113";0,0289112651771479;0,0364196985740556;0,0173842087067855
"114";0,0288400994242735;0,0363855807538712;0,0173947769175809
"115";0,0287808552054567;0,0363192770916309;0,0174177374845174
"116";0,0287503038256704;0,0361779926013057;0,0173853687353633
"117";0,0287600674442644;0,0362290396678725;0,017360908686786
"118";0,029032920115136;0,03644902493325;0,0173287473439935
"119";0,0289978734665772;0,0365581919808631;0,0172731014043786
"120";0,0289298958444214;0,036531226511182;0,0172236798959959
"121";0,0288992306605611;0,0364604456155212;0,0173539122227973
"122";0,028798691553561;0,0363965962338347;0,0174429914052532
"123";0,0288208890141773;0,0365464717424899;0,017458582251831
"124";0,0288422581756878;0,0365673862126403;0,0174079592708529
"125";0,0287717139777159;0,036600206702213;0,0173413688914673
"126";0,0287179240940665;0,0366907768720584;0,0175094609445796
"127";0,0286611256444264;0,0366449319517754;0,0175933089939216
"128";0,0286909279849554;0,0367189054811139;0,0176530557315554
"129";0,0286932893437963;0,036962328163299;0,0176504269348524
"130";0,0286493477475464;0,0369022832165198;0,0176530458593718
"131";0,0285771921825468;0,0368995007646315;0,0176114973225811
"132";0,0285261719775073;0,0367775749700682;0,017571083599911
"133";0,0285340345554425;0,0367641748190415;0,0176003721367674
"134";0,0285710575591724;0,036725299320684;0,0175850959499733
"135";0,0284902681123946;0,0367412314366982;0,0175920603801587
"136";0,0285496778182982;0,0367114860054364;0,0175751454193864
"137";0,0285662624740883;0,0365786278293677;0,017528636808775
"138";0,0285350317887385;0,0365639641404296;0,017457993755308
"139";0,0284646168973591;0,0367109804494942;0,0174464215280327
"140";0,0284796673771148;0,0370164521155264;0,0174226028017398
"141";0,0285052332060318;0,0372229106815934;0,0174735427379539
"142";0,0285333341817123;0,0373372325610491;0,017462506271022
"143";0,0286105678779979;0,0372223085745649;0,0173872277070064
"144";0,0286945438850575;0,0371831133112478;0,0173452606951788
"145";0,0286697900235914;0,0372146434215349;0,0173333536256774
"146";0,0286430249408376;0,0379533041874642;0,0173114393849324
"147";0,0285597961349658;0,0379369138938868;0,0172444757484172
"148";0,0284754579836372;0,0379673875265172;0,01723897771259
"149";0,0283979951803463;0,0379273229670977;0,0172823323877542
"150";0,0283893633580679;0,0378833110426052;0,0172667344052059
"151";0,028300789753515;0,0378533844092434;0,0172455198162356
"152";0,0282535443223802;0,0381655340132327;0,0172218432198477
"153";0,0281873852175149;0,0382280174138476;0,0172366604320748
"154";0,0281147634458524;0,0382890504833915;0,0173050783907759
"155";0,0280976775390339;0,0384026570140311;0,017280315065461
"156";0,0281357327587546;0,0383366770891529;0,0172668836675099
"157";0,0280834513382985;0,0383520615297122;0,0174200942784834
"158";0,0281006205094285;0,0384837127808836;0,0173846439643717
"159";0,0280132031992581;0,0387466225249502;0,0173197964624952
"160";0,0279850320839478;0,0387909370195176;0,017307102822161
"161";0,0280585060249405;0,0387678384153313;0,0172749084948228
"162";0,0279660361401029;0,0387603975030458;0,0174551745106119
"163";0,0279756451254408;0,0386473553585067;0,017738250066667
"164";0,027922922748073;0,0390204519267201;0,0177789805781668
"165";0,0279281979145001;0,0389769149498747;0,0177864870734041
"166";0,0278439220786688;0,0388950940562043;0,0179420384398253
"167";0,0277583818851325;0,0387799807192921;0,0179030493182931
"168";0,0276672113291746;0,0388280130661475;0,0178350238810208
"169";0,0276154449906091;0,0387699123506103;0,0178585208100785
"170";0,0278532018674549;0,0387913304351151;0,0180826837434913
"171";0,0278093850683105;0,0388090648200976;0,018038482686739
"172";0,0277397254813835;0,0391047744250679;0,0179584398943681
"173";0,0277056953363825;0,0391594076254398;0,0179282090064616
"174";0,0276084672273534;0,0390601113457458;0,0179138954951741
"175";0,0275456347794096;0,0390835645996125;0,0179791451138209
"176";0,0274757882590291;0,0390484673989051;0,0179509919781192
"177";0,0274501971371405;0,0391604036784935;0,0179309682126438
"178";0,0274151840786347;0,0390727979549117;0,0178508331159014
"179";0,0275583304713071;0,0389813365131772;0,0177614600964588
"180";0,0274844867097615;0,0388685821800417;0,0176942770068743
"181";0,0274161454699326;0,038719649464535;0,0176428132385343
"182";0,0273478859955907;0,0386308401341759;0,0175185652524571
"183";0,0272617162852227;0,0385655561668127;0,0174984384671026
"184";0,027166964267244;0,0389134447625636;0,017429770599446
"185";0,0271147115738882;0,0393509193589776;0,0174413476687517
"186";0,0271943452017516;0,0392525915594007;0,0175366501993972
"187";0,0271570377020169;0,0393448074857102;0,0175379220609905
"188";0,0270669754201632;0,0396699009570571;0,017573977279337
"189";0,0270727997635836;0,0396650362962924;0,0175370745293942
"190";0,0271816960126114;0,0395592196758627;0,0174738215665919
"191";0,0272294890223242;0,0395093083436319;0,0174644889678303
"192";0,0271782810604698;0,0396106035996911;0,0174190484486019
"193";0,0270906403282774;0,0396211818006356;0,0173403658263571
"194";0,0270767829323681;0,0397371264608012;0,017444027102103
"195";0,0270728458086723;0,0397229182793457;0,0173891810719051
"196";0,0270766476978907;0,0396087793059493;0,0173143621304428
"197";0,0270906803057755;0,0396236948834312;0,0173293146915112
"198";0,0271123238821908;0,0396415558597128;0,0173924696801243
"199";0,0271181633301949;0,0396321586351072;0,0173688345573772
"200";0,0270803098332304;0,0396132972976748;0,0172652488311496
"201";0,0270949898601563;0,0394952164555672;0,0172114750488474
"202";0,0270242795313753;0,0397143625057982;0,0171925430510021
"203";0,0270187475034623;0,0397546810935671;0,0171896831125444
"204";0,0269244984505364;0,0401680526900566;0,0170967236019404
"205";0,0269214545808321;0,0401017255381321;0,0171014449849246
"206";0,0269846641937772;0,0400535304613994;0,017224440727727
"207";0,026949240884146;0,0400517422831062;0,0173267488332332
"208";0,0269393434166889;0,0401997223950982;0,017300795940042
"209";0,0269712225199419;0,0401791834378729;0,0172511761873729
"210";0,0270089815117861;0,0401283432780247;0,0172548577958628
"211";0,0270031544748691;0,0400284783639023;0,0171853843610166
"212";0,0269651662365664;0,0398895669041018;0,0171395542877652
"213";0,026925867620505;0,0399592632539297;0,0170865980280627
"214";0,026854204111368;0,0402184356648749;0,0168625403079063
"215";0,0268886288228554;0,0405620712081457;0,016699788778101
"216";0,0269515513154148;0,0405560158452681;0,0167763877471605
"217";0,0271957375317953;0,0405698519052472;0,0167939819609164
"218";0,0272249931548122;0,0412258124313219;0,0171892755864839
"219";0,0271630297347503;0,0413274555143828;0,017379945370764
"220";0,0271456922387692;0,0415249705895676;0,01768535511965
"221";0,0270715574025222;0,0416126375551591;0,017906150311895
"222";0,027314148103882;0,0416229432245637;0,0179035567412708
"223";0,0272978801685163;0,0419100798421114;0,0178661662858709
"224";0,0272362103695578;0,0421281837649813;0,0179077682413719
"225";0,0272005863600949;0,0420639814027036;0,0178728682532158
"226";0,0272810854470031;0,0421295756780976;0,0179436398680621
"227";0,0273633087490233;0,0420617998185396;0,0179288403181865
"228";0,027417031152923;0,0420778410644318;0,0178452138379765
"229";0,027552576247687;0,0424210815532279;0,0178604549501452
"230";0,0275205693485923;0,0425584687184336;0,0179765291606584
"231";0,0274502077143525;0,0424344744617716;0,0180104740641783
"232";0,0273900601764728;0,0423714913419566;0,0180292897409636
"233";0,0273329368714672;0,0422605930218491;0,0179417111324754
"234";0,0272892418171843;0,0420756822219846;0,0179315028471447
"235";0,0274563259122369;0,0420638606087921;0,0179616832348434
"236";0,0274349730428786;0,0418994215447141;0,017907212851581
"237";0,0273764919785592;0,0417762694927731;0,0178553243402258
"238";0,0273801822858608;0,0417392824505758;0,0179357726431616
"239";0,0272973306617574;0,041981855622625;0,018027043144676
"240";0,0273134037480857;0,0423031682458963;0,0180688937749455
"241";0,027243130856181;0,042231065545191;0,0181314894708355
"242";0,027188629734021;0,0421085533185674;0,0182433072901747
"243";0,0270915354497806;0,0420242021712547;0,0183562995610053
"244";0,0270276693793011;0,0419768601611982;0,018285662618723
"245";0,0269535165432545;0,0419508374503243;0,0182606443353921
"246";0,0270461629652329;0,0421543465918803;0,0182277155777708
"247";0,0271498075865125;0,0422547749469068;0,0181759498302897
"248";0,0271610845539585;0,0423889281063329;0,0180680554580193
"249";0,027136316535839;0,0424747515869682;0,0180387567146381
"250";0,0272536259733478;0,0424578927860063;0,0179790858370546
"251";0,0273033867030936;0,0423729097292528;0,0178724666528752
"252";0,0273158136549632;0,0423414773527011;0,0178422088677541
"253";0,0273200534682122;0,0421840497084151;0,017727818051856
"254";0,0272868194360809;0,0421262377900165;0,0177117392190235
"255";0,0272744089493119;0,042132907709299;0,0178410259274083
"256";0,0272949297363171;0,042007839426746;0,0177913055449516
"257";0,0271961306303658;0,0420354756194976;0,0177304419475257
"258";0,0271995047489675;0,0419517138997044;0,0177599774138068
"259";0,0271416030651241;0,0420677004840555;0,0177227101043737
"260";0,0270998311640022;0,0420070429906779;0,0176306199319709
"261";0,027101605634435;0,0419410785031922;0,017551078494567
"262";0,0270699808948189;0,0419912853324397;0,0175597373201058
"263";0,0269713577673225;0,0420695450230487;0,0175376592390461
"264";0,02692145729165;0,0419045871838234;0,0174879807352905
"265";0,0268905430763884;0,0418097413912549;0,0173987735054626
"266";0,0268366073548664;0,0419251894616191;0,0173638101715956
"267";0,026785385697897;0,0420495902838523;0,0173931701263275
"268";0,0267344120385916;0,0421670107073417;0,0173427979082292
"269";0,0266418797380208;0,0421717998312792;0,0172598707477953
"270";0,0265777324281714;0,042042632882025;0,0172004306345358
"271";0,026572365944205;0,0418868579736668;0,0171870217116062
"272";0,0264944386326575;0,0418540814929336;0,0172076468425073
"273";0,0263919846494285;0,0419366357218352;0,0172155190643628
"274";0,0265408525204006;0,0420656990414564;0,0173554192154502
"275";0,0264925270070177;0,0422367550710558;0,0173059821667221
"276";0,0265192377605354;0,0420978300587679;0,0172759382180377
"277";0,0264979154293732;0,0419017826287104;0,0172285666241611
"278";0,0265013218789094;0,0417566380917645;0,0172141208450837
"279";0,0264194723867497;0,0417670731639334;0,017213498626647
"280";0,0263535649239572;0,04160975866903;0,0172559047398877
"281";0,0262951246372936;0,0415056295781242;0,017353208370624
"282";0,0263116838501975;0,0417298271330788;0,0174007848813483
"283";0,0262845405099802;0,0417416386672865;0,0173814747914314
"284";0,0262601099451166;0,0415047382073571;0,0173730087090011
"285";0,0262190244669335;0,0418267649266602;0,0176692314197815
"286";0,0260314789025753;0,0417862421801929;0,0178370260212209
"287";0,0263556292844439;0,0411458724544463;0,0178773427592419
"288";0,0265889946154731;0,0405668304163164;0,0176630781593511
"289";0,0268510875865248;0,0418849575866533;0,0173754645978817
"290";0,0268990941506319;0,0427004142334429;0,0175353552481355
"291";0,0268689318989741;0,044059188438967;0,0176049084089161
"292";0,0268871109935739;0,044652756326262;0,0179586403109769
"293";0,0271700579735792;0,0447242105151643;0,0180112791747232
"294";0,0273573794443223;0,0445125786073643;0,0182024587055732
"295";0,0274635029378647;0,0446492029843311;0,0182447879777762
"296";0,0275911629797865;0,0446027789080238;0,0182057551456918
"297";0,027550813259113;0,0445341042259225;0,018169751061455
"298";0,0275795680685068;0,0443466503664121;0,0180199388505184
"299";0,0275050435213148;0,0440779976534845;0,0180362570383831
"300";0,0274177783998194;0,0438933502802297;0,0180895420754419
"301";0,0276746250305585;0,0438510070968885;0,0179769322954524
"302";0,0276086411493691;0,0437925361294772;0,0181671318886906
"303";0,0275716135137466;0,0437119279740297;0,0181445432218921
"304";0,0275488362383335;0,0436495234190817;0,0180758359119037
"305";0,0274835148221004;0,0435719042743739;0,0180403400018142
"306";0,0274214006063491;0,0440703134165214;0,0179386851957944
"307";0,0276819612887827;0,0442131248852034;0,0180284330052077
"308";0,0288832056866038;0,0445699386891913;0,0179976201504049
"309";0,0288690210936202;0,0446313282438773;0,0180486097250458
"310";0,0288734041695031;0,0446145081079404;0,0180051274942349
"311";0,0289191987289642;0,0448350199505456;0,0179976191083422
"312";0,0288861413101991;0,0447429821949522;0,0179678920397498
"313";0,0288793614783115;0,0445960387732814;0,0179328316442068
"314";0,0287986284404921;0,044533273033448;0,017957439336566
"315";0,0286866132960815;0,0446113038418237;0,0179598085996651
"316";0,0287820909147916;0,0445827624901114;0,0179582157844103
"317";0,0287819157162857;0,0444519922620084;0,017890706988692
"318";0,0286810191916144;0,0442484537814596;0,0177874954428167
"319";0,0285488415025414;0,0439880386563598;0,0177342306437064
"320";0,0287333894364756;0,0438296680341393;0,0175750830093527
"321";0,0288834881603272;0,0439061901607735;0,0175720863220235
"322";0,0289506040821316;0,0438316485760221;0,0178597944654124
"323";0,0289553120339775;0,0437042250107938;0,0178218319804903
"324";0,0292563223632525;0,0435344058073719;0,0177459526468817
"325";0,0291349708411665;0,0433955307141382;0,0176538269652172
"326";0,0294038840429635;0,0434939873485864;0,0176725280022159
"327";0,0293192110120271;0,0439050769550346;0,0177273966757995
"328";0,029305081293049;0,0438137409262599;0,0176282024964713
"329";0,0293590335943209;0,0442128551372043;0,0175828587438309
"330";0,0293345775180869;0,044466748931366;0,0174824328106173
"331";0,0292448016758093;0,0448012595376217;0,0174870329757599
"332";0,0291744832634178;0,0447733796919217;0,0175012382321416
"333";0,0291753714718681;0,0447976049127038;0,0174358985904988
"334";0,0292044233062719;0,044631708210852;0,0173512860696813
"335";0,0291090163546816;0,0450311473306226;0,0174673561243118
"336";0,0291978257923568;0,0450580228963147;0,0175109421406397
"337";0,0292524561549393;0,04495851349104;0,0176067023914076
"338";0,0293383757793525;0,0447197586663621;0,017698331076334
"339";0,0293935115204883;0,0446522093185319;0,0177018577296497
"340";0,0295127207441141;0,0444288256084694;0,0177360214759089
"341";0,0296843439709027;0,0443339162518272;0,0178345810186127
"342";0,0297617702813141;0,0444531544098716;0,0178252289154173
"343";0,029794143123201;0,0443660836121262;0,0179137604869525
"344";0,0298179124593715;0,044875002449805;0,017938084549135
"345";0,0299026472497554;0,0449669397728169;0,0178233603476821
"346";0,0299710009218725;0,0450968094569672;0,0176681534896638
"347";0,0299535989154292;0,045203548608678;0,0175995855603534
"348";0,0302504153160679;0,0452806912668828;0,0174991628143101
"349";0,0303652702483449;0,0451698660539741;0,0174588437500661
"350";0,0303635894230695;0,0450769695774506;0,0174380990706355
"351";0,0303490390726445;0,0449981139870776;0,0174519036615408
"352";0,0303200730899654;0,0448927029411279;0,0174553291934446
"353";0,0302984652067159;0,0447385747793683;0,0173933879538631
"354";0,0301901856097588;0,04453371584578;0,0174022284325544
"355";0,0301276144;0,044342258075005;0,0173939973020841
"356";0,0300927058518895;0,0443623491882187;0,0173822894640862
"357";0,0301236354186806;0,0444289779921714;0,0174327229277171
"358";0,030047352441795;0,0442554047219999;0,0174530633931997
"359";0,0299671799625842;0,0441316903044725;0,0174875637419562
"360";0,0300640063718877;0,0441224616579817;0,0175202319426578
"361";0,029993099384543;0,04403425104107;0,0176003972410308
"362";0,0299191447804228;0,0439223629772967;0,0177037401183557
"363";0,0298769722477513;0,0438525936963129;0,0177162184063028
"364";0,030390043294494;0,0440297954313813;0,0177079855503146
"365";0,0303064919290588;0,0439345609084486;0,0176834264889819
"366";0,0302128652568005;0,044094038168518;0,0176545360120591
"367";0,0301322274793587;0,0441265154192425;0,0176443196140552
"368";0,0302874646527386;0,0442997870928671;0,0177058983853136
"369";0,0302971046566199;0,0442815747457268;0,0178715424110035
"370";0,0305397970731766;0,0441929298948006;0,0178559751483802
"371";0,0306010417568041;0,0443399148080712;0,0178228114128309
"372";0,030636613053161;0,0446230589951478;0,0178107843229667
"373";0,0306508778960542;0,0446532059174037;0,0178092153678824
"374";0,0307486939328658;0,0445920563042976;0,0177986255827845
"375";0,0308727271775027;0,0447205368213405;0,0177867376039019
"376";0,0307756884536644;0,0448141309026699;0,0177537397131351
"377";0,0308208549407481;0,0446734100737412;0,0178224315099565
"378";0,0307704287207301;0,0444842425825781;0,0177919407331596
"379";0,0311891068874921;0,0443227238247745;0,017767915852984
"380";0,0314098477733548;0,0442360773407853;0,0176313938432234
"381";0,0313577986281781;0,0448330594852279;0,0175593739573121
"382";0,0315260054633138;0,0454655856774957;0,0175771651083517
"383";0,031624699864798;0,0455142815810596;0,0175810818007719
"384";0,0314551100813;0,0472126567118122;0,0174060413872462
"385";0,0315797289298197;0,0475811838660145;0,017372328482916
"386";0,031782130839581;0,0478417096339114;0,0175343596656164
"387";0,0321729830112862;0,0478910215730903;0,0174958917687562
"388";0,0321902244120892;0,0477714692450604;0,0175017699758224
"389";0,0320521502596046;0,0478672272222945;0,0176203004174286
"390";0,0328409429478308;0,0480202088059771;0,0181354574798112
"391";0,0330052583082598;0,0479888946045045;0,0181357580679754
"392";0,0332105979110121;0,0485990050055298;0,018118034646525
"393";0,0335033400011248;0,0487931617454384;0,0180297495381367
"394";0,033682493078158;0,0488083580956184;0,0179998589292734
"395";0,0338822540086231;0,048864277094954;0,0181414861334324
"396";0,0343935897045741;0,0487440536622199;0,0180596925520713
"397";0,0351237848642043;0,0486922133309203;0,0180995101702776
"398";0,0356664734515015;0,048514016622014;0,0182496744421826
"399";0,0356240237173729;0,0483445949484362;0,0182733734128332
"400";0,0355229118268521;0,0483895770265342;0,0182109458573158
"401";0,0353763505150291;0,0485815407368408;0,0181673694206937
"402";0,0353164300418608;0,0484648668597759;0,0182348618066934
"403";0,0353278528123984;0,048467557184783;0,0182362588080854
"404";0,0352772370319306;0,0487599584868486;0,0182637691785581
"405";0,0352185309051072;0,0488347602395333;0,0182439672406761
"406";0,0351385185767142;0,0489095082549142;0,0181377401980223
"407";0,0351637378615518;0,0490139564165559;0,0180642839136158
"408";0,0351925612272954;0,0487605271623144;0,0180465682251491
"409";0,0349941441027978;0,0495024407277619;0,0181029376257703
"410";0,0347456657720654;0,049304912496656;0,0181327884878487
"411";0,0345655071698134;0,0489427015934304;0,0180917032292288
"412";0,034504938570565;0,0493311304161105;0,017933713070416
"413";0,0343382370021496;0,0493237612843681;0,0179725409582098
"414";0,034317097463088;0,0491443587515473;0,0179858405011141
"415";0,0342400015241307;0,0492955518658219;0,01801265855404
"416";0,0343806751108373;0,0492899449564229;0,0180133429396022
"417";0,034340119872995;0,0489941547703662;0,0180440596809366
"418";0,0351643999682008;0,048674802129683;0,0179361571091478
"419";0,0350455743204965;0,0486102477574482;0,0178322450273222
"420";0,0349796273181783;0,0487522129210544;0,0177658733429843
"421";0,0347863279762162;0,0487836620822687;0,0176395416011168
"422";0,0348282615965287;0,0485393914462097;0,017516695330912
"423";0,0353500551104749;0,0483656509603628;0,017579102397379
"424";0,0352303901880459;0,0484028951460445;0,0176623120112279
"425";0,0351417659774654;0,0493148343325284;0,0177999875739412
"426";0,0351358601769538;0,0498321704084703;0,0177986529826118
"427";0,0355313331245842;0,0495761380935902;0,0177901217452308
"428";0,0356918631095499;0,0492977981192908;0,0180325128673408
"429";0,0358909452168406;0,0490854032713746;0,0180179769135643
"430";0,0360409987217983;0,0488180856000737;0,0182366771854022
"431";0,03610533884614;0,0484796077942039;0,0181873511364487
"432";0,0360174277937736;0,0486174533378974;0,0182475148995628
"433";0,035902821971799;0,0490843124089188;0,018301428091274
"434";0,035868647964276;0,0494247750136699;0,0183647664875558
"435";0,0358960023917192;0,0494469071041927;0,0183572061312554
"436";0,03585093560089;0,0495227281085064;0,0183757912270693
"437";0,0357350219658763;0,0500635333130977;0,0183520018696548
"438";0,0357798590397475;0,050076994968338;0,0182606677504838
"439";0,0357192686029743;0,0498751185325234;0,018355312254636
"440";0,0357087626876731;0,0496435985523684;0,0183282331380326
"441";0,0357323591255593;0,0495693402771552;0,0182856697920852
"442";0,0355942844921511;0,0498402177200866;0,018186851502031
"443";0,0354915935184227;0,0497798579837147;0,0180611148916283
"444";0,0356603703077605;0,0496968429089642;0,0179623338725805
"445";0,0355760761020139;0,0496115187240119;0,0179356818753648
"446";0,0355557255858987;0,0497299355542934;0,0179869612126422
"447";0,0356242676954397;0,0497558812844246;0,0182545519381667
"448";0,0355213248928147;0,049611521096182;0,0184720316681669
"449";0,0353997865175389;0,0493886039459669;0,0185547852182901
"450";0,0354589007808683;0,0492510727326685;0,0184675004987252
"451";0,0353890086791011;0,049059079565966;0,0183444552716765
"452";0,0353225585572153;0,04895093011603;0,0182022430028009
"453";0,0352653880726935;0,0489327388224585;0,0181201651005208
"454";0,0351684799749372;0,048816710164522;0,0180551237013986
"455";0,0351646852890993;0,048624005319244;0,018146878928059
"456";0,0351203200399859;0,0484847669135916;0,0181625367673755
"457";0,0350925094301771;0,0482812533504793;0,0180773439325351
"458";0,0350081568930175;0,0481880973798246;0,0180134627804522
"459";0,0349369611737517;0,0481730830985717;0,0179763641613812
"460";0,0349320003012213;0,0479470592718088;0,0180066450384891
"461";0,0350765283550774;0,0478113227076334;0,0179328211130516
"462";0,0351168072409396;0,0476134590788172;0,0179049664979355
"463";0,0350666465304231;0,0479880852620909;0,0180377261128117
"464";0,0349862129387719;0,0480411890798563;0,0180935920917865
"465";0,0349889077745374;0,0479700523005092;0,018005430832966
"466";0,0349683420032328;0,047971536564237;0,0182996095425529
"467";0,0350976462451447;0,0479083714433826;0,0183799909285985
"468";0,035006478789078;0,0476870990095199;0,01830390215775
"469";0,0350897086118732;0,0475901300242597;0,0183279243606797
"470";0,0351208014279898;0,0475800666074525;0,0183580493864359
"471";0,0350323309877718;0,0474750594810433;0,0182157396796744
"472";0,0349775439321079;0,047342818804384;0,0182026113056585
"473";0,0350525973352219;0,0470857084505856;0,0181354017130759
"474";0,0350205468445773;0,0468019820092516;0,0179786209773248
"475";0,0349427926151939;0,0467422101576044;0,0179175205342397
"476";0,0348385632616518;0,0466544703538837;0,0181181459399464
"477";0,0347632137186604;0,0478605552488604;0,0181001750014323
"478";0,0347084271776913;0,0485377167044759;0,0178783261223138
"479";0,0347192290813879;0,0486860538933427;0,0177174170590828
"480";0,0347806708235069;0,0487943555699911;0,0175735963197039
"481";0,034690339666897;0,0485669782904891;0,0177227457020933
"482";0,0346723463870613;0,0481712314007328;0,0177466503714117
"483";0,034713025797483;0,0479073757248572;0,0179317847029114
"484";0,0346250651410649;0,0477634095083776;0,0179127713001018
"485";0,0344793324376758;0,0476209278739138;0,019051016892858
"486";0,0343335728258722;0,0476141351688673;0,0190808431233491
"487";0,0341605937870879;0,0481319097476362;0,018710597500687
"488";0,0340141573935741;0,0483399520017118;0,0185841919010128
"489";0,0341401534542717;0,0482510249784649;0,0184965477464743
"490";0,0343017714220393;0,0481271328780972;0,0188259370922181
"491";0,0346539673959846;0,0485465269612079;0,0191261539563469
"492";0,0351211560245129;0,0485275750896286;0,0193222818411566
"493";0,035085508320949;0,0483318302250329;0,0192195123070978
"494";0,0349987078865951;0,0481884620085955;0,0193279632364561
"495";0,0349165564514746;0,0478769186933091;0,0193274057149584
"496";0,0348870153857332;0,047581259138323;0,019212737094859
"497";0,035058849731002;0,0473007721681327;0,0191091845193668
"498";0,0353155563935778;0,0469389588528199;0,0190352197772096
"499";0,0351867761493684;0,0466258386954002;0,0190876788396743
"500";0,0351810790023558;0,0465567426565856;0,0192495048227739
"501";0,0351387945532722;0,046353565986844;0,0192547026439263
"502";0,0350858030997014;0,0460898037198695;0,0190707574491563
"503";0,0353276638569127;0,0457518463547013;0,0189603273998934
"504";0,0352939728939607;0,0457755062469292;0,0189889592697736
"505";0,035150106761118;0,0462004743790338;0,0190986794094336
"506";0,0350654692452806;0,0459593116950546;0,0190778751092479
"507";0,0350900097105374;0,0457055298151485;0,0190118013205577
"508";0,0351078400503348;0,0458627632285525;0,0191100984067141
"509";0,0350607494540334;0,046136716530033;0,0194996568823476
"510";0,0351283128018819;0,0458909472354402;0,019414171666446
"511";0,0350625364458218;0,0459097069948005;0,0192138177173285
"512";0,0350683487236982;0,0462182291224208;0,0191206521478214
"513";0,0350424366309636;0,0475010815325063;0,0190375202578429
"514";0,0350225566874995;0,0493380527610992;0,0189432436880786
"515";0,0350323963302214;0,0491091274364358;0,0189053949670549
"516";0,0349707682821827;0,0488538374930995;0,018909711186935
"517";0,0349569809777662;0,0491162855976595;0,0187531043029183
"518";0,0349200922142781;0,0493036689955725;0,0187864876996261
"519";0,0348322390522565;0,0491722697466699;0,0189823754628053
"520";0,0348630578537319;0,0490976987403518;0,0190599803562299
"521";0,0347580935367291;0,0490229164895296;0,0190258820854923
"522";0,0347118740023663;0,0487591423366593;0,0185906058063204
"523";0,0348470305368754;0,0508311552824074;0,0182680899227661
"524";0,0348446284243236;0,0506985974185381;0,0180560239298126
"525";0,035056520362434;0,050329639764926;0,0182512266445797
"526";0,0349451054876585;0,0501060429306531;0,0182344655069318
"527";0,0351117515780787;0,050478560492692;0,0184537334364093
"528";0,0351679629547038;0,0509841457627492;0,0186954875563417
"529";0,0350629606040806;0,0515868513820283;0,0185600312745244
"530";0,034925919855101;0,0513876419471397;0,0187627639218386
"531";0,0347714641427891;0,051399307612481;0,0189610068081478
"532";0,0347054413876349;0,0517437444805042;0,0191759711938906
"533";0,034771165566054;0,0520363582746915;0,0190759194905122
"534";0,0347375901037736;0,0520498423168283;0,0190539996345049
"535";0,0349857245769491;0,0519170034712227;0,0190126621565645
"536";0,03480957123219;0,0519398319111674;0,0188006253048782
"537";0,0344693718107583;0,0510550327770751;0,0170826101795789
"538";0,0345362453676714;0,0523806461881826;0,017297499031841
"539";0,0347098257452028;0,0521877065370394;0,0189080106109682
"540";0,0346926427533928;0,0532471272309955;0,01914103687425
"541";0,0342554607275584;0,0544378559286968;0,0190269527272059
"542";0,0358699954888399;0,0553488094457922;0,0191204828433601
"543";0,0394076417297724;0,0562183851774014;0,0192842835877265
"544";0,0393906552797943;0,0565618043844497;0,0191984881301611
"545";0,0392448809304904;0,0562695442742698;0,0190593436450715
"546";0,0390246238718121;0,0564086883984662;0,0189958698932346
"547";0,0401009739661344;0,056123974330839;0,0189923771420595
"548";0,0404170120273218;0,056271045241926;0,0189162574304417
"549";0,0402983239995628;0,0559594735755393;0,018941371390455
"550";0,0401851127326322;0,0562673438415824;0,0190725974101927
"551";0,0405522498966407;0,0560732770541395;0,0189442147020949
"552";0,0407438106744171;0,0560357090783008;0,018995111213347
"553";0,0409382485100329;0,0558997552958266;0,0190560151894334
"554";0,0409497549510472;0,0562623616237828;0,0189836554662616
"555";0,0408242285570262;0,0566251476150711;0,0188964037150257
"556";0,0408624010788486;0,0569328196200586;0,018852995590689
"557";0,0407578771566074;0,0570887616321421;0,0187886591349081
"558";0,0407379907239252;0,0574475645302657;0,0187518600467847
"559";0,0411817648573635;0,0578021344283942;0,0189128580097582
"560";0,0412357749681098;0,0575791864128414;0,0189755657664468
"561";0,0412793630500886;0,0577038356903901;0,0189488583469803
"562";0,0412391067326062;0,0602693099732283;0,0190037091810508
"563";0,0411611705988403;0,0601569754589545;0,0191003604606358
"564";0,0410122733945776;0,0599816241912258;0,0191379868047916
"565";0,040800918297751;0,0601971249010471;0,0192297943430517
"566";0,0405950687091225;0,0605218444643364;0,0191271424931695
"567";0,040669463617808;0,0616327820424252;0,0191312260641162
"568";0,0408398210956186;0,0618856452030981;0,0191634576794194
"569";0,0409083764798149;0,0618633215107241;0,0191334920568572
"570";0,0408122710865017;0,0615367714492459;0,0190851026823017
"571";0,0407482012853409;0,0614893773496724;0,0193237250625619
"572";0,0406786366908517;0,0619126172004217;0,01949693652934
"573";0,0406268223568907;0,061665192875158;0,0195558526815232
"574";0,0407896840863844;0,0617091398395439;0,0195063200579048
"575";0,0407229080072384;0,0614385989724288;0,019656655225561
"576";0,0406515186834396;0,0613746179632281;0,0195961378458077
"577";0,0405681744727205;0,0614375742121839;0,0195626967930488
"578";0,0410239084406145;0,0616965669697949;0,0194611438295962
"579";0,0410475983144469;0,0614718052128079;0,0194201596705266
"580";0,0412493799791523;0,0615626906023869;0,0194606430838212
"581";0,0412148157228929;0,0615394342308971;0,0194643895997179
"582";0,0411004715413159;0,0612911271872776;0,0193907457546143
"583";0,0410787256921438;0,06156283366508;0,0192641583628622
"584";0,0412839997027871;0,0612743817156132;0,0192331105810988
"585";0,0413126123976854;0,0611303505391168;0,0191681929111819
"586";0,0413137671429086;0,0610630258843273;0,0190817133267032
"587";0,0413486362976951;0,0607969746174265;0,0191734277690515
"588";0,0417631434553482;0,0606404651017034;0,0191268176087643
"589";0,0415959340335055;0,0604389413971979;0,0190709452450496
"590";0,041534400517197;0,060499831462864;0,0191313466474709
"591";0,0414705731550912;0,0603333648224679;0,0190455637829766
"592";0,0418586025366283;0,0603984939381273;0,0189374316370947
"593";0,0420570870418701;0,0623248426391195;0,0189325916857601
"594";0,041886570776289;0,0624421043493704;0,0188727642068856
"595";0,0417495133419969;0,0625210443957065;0,0187556597663065
"596";0,0416640604373688;0,0624456810238806;0,0186852358933659
"597";0,0416448968944762;0,0623153261742055;0,0186491097121148
"598";0,0415614012052106;0,0623386608542951;0,0186217749831948
"599";0,0414452467843441;0,0625133908928279;0,0185443554761515
"600";0,0414441314928653;0,0630008735604517;0,0185532496109464
"601";0,0414034055922485;0,0628251226295193;0,0186723407072169
"602";0,0412823475931554;0,0624886934369901;0,0187189447015914
"603";0,0411544331965318;0,0626179512337591;0,0186788860522216
"604";0,0410876855609331;0,0624102590269712;0,0187707224886834
"605";0,0410338817892494;0,0621742781058522;0,0189309881542134
"606";0,0409209841047473;0,0622429391103631;0,0190127242866612
"607";0,0407843515100567;0,0619232227076125;0,0189140700422001
"608";0,0406463200481013;0,0616698635271059;0,0189421870639805
"609";0,0405366726917693;0,0616704009380833;0,0189572467022536
"610";0,0405218502249139;0,0613714016990569;0,0188922589999585
"611";0,040394795497411;0,0612749589925211;0,0189819942510187
"612";0,0402793754228494;0,0614239991167083;0,0189196345251921
"613";0,0401788826500204;0,0613264172595115;0,018905561694851
"614";0,0401392966045151;0,0609871310075283;0,0188983710317461
"615";0,040043491578875;0,0607477397840455;0,0189819804672304
"616";0,0399096557647492;0,0606961491606431;0,0191687774186656
"617";0,0397401144163414;0,0605854232089824;0,0191823561766187
"618";0,0395805100589114;0,0608146799542828;0,0192225952233701
"619";0,0394710328137204;0,0608304808416096;0,0193204539970521
"620";0,0394343830406271;0,0604853543960681;0,0192616807795819
"621";0,0395303937723974;0,0602826047581718;0,0192614588953828
"622";0,0394648345136463;0,0601702070169413;0,0192044175924112
"623";0,0394289989732663;0,060077819168949;0,0191313354606579
"624";0,0393989317814193;0,0597470871316781;0,0192372425552282
"625";0,0393287458869645;0,0595814639653771;0,0195445447149486
"626";0,0392713425793664;0,0593542875412546;0,01942505071877
"627";0,0391229031642519;0,0591061380545361;0,0193035695974993
"628";0,0389844449924678;0,0588803172085329;0,0192067622933571
"629";0,038965018752069;0,0586308556063357;0,0192066615920581
"630";0,0391240371519211;0,0585600458702674;0,0190902585158094
"631";0,0389767785546966;0,0582492667936677;0,0190623938491125
"632";0,0391849768581302;0,0579702622452846;0,0189293272521145
"633";0,0393571187664409;0,0578202251435748;0,0189482584590594
"634";0,0392817006858401;0,0577029656409879;0,0192170252161279
"635";0,0393920658176733;0,0574049823983693;0,0191548883849737
"636";0,0394495690132949;0,0573908948064105;0,0191269105732574
"637";0,0394576776220933;0,0579444163272536;0,0189936672130809
"638";0,0393801746364948;0,0585918070415401;0,018879527011028
"639";0,0392975624197686;0,0589278689631761;0,0189693517850791
"640";0,039120514260744;0,058579886744185;0,0190209764070409
"641";0,0390108818336827;0,0582776050496602;0,018851788255878
"642";0,0390422818810659;0,0580931330863765;0,0188367982269264
"643";0,0389598470627957;0,0579435733521527;0,0188064281907191
"644";0,0387973156962126;0,0577463448822596;0,0189395404776464
"645";0,0387253834458503;0,0573540663898504;0,0190928147398854
"646";0,0386901157925634;0,0571832991727118;0,0194944615722575
"647";0,0386578423223139;0,0570149036500699;0,0196277154556077
"648";0,0385603999800445;0,0571596137970557;0,0195061719787165
"649";0,0385102554885971;0,0569690400448668;0,0194274020216808
"650";0,0385346012508929;0,0571759947984571;0,0198051401001244
"651";0,0384684992060934;0,0570105165995512;0,019749016761975
"652";0,0383073398998276;0,0568367823828972;0,0197050260218679
"653";0,0381316015400689;0,0567205914476809;0,0197000480836644
"654";0,0379872944383506;0,0563984614930197;0,0197194745653689
"655";0,0378005652207952;0,0561577687007409;0,0197886212803981
"656";0,0377793002257123;0,0562186542622229;0,0198389891213078
"657";0,0380657344329397;0,0557695775246518;0,0198007059823404
"658";0,0381754620644643;0,0553923848368163;0,0197889166734803
"659";0,0380405577291678;0,0552945610639074;0,0197178357610825
"660";0,0380034959632034;0,0552839741967981;0,0195980028353909
"661";0,0379852924484868;0,055208651626728;0,0194483502646568
"662";0,0378061735232417;0,0561613862449202;0,0193965760875098
"663";0,0379075583582292;0,0560957335263153;0,0193027737058572
"664";0,0377924132312895;0,0562613859069554;0,0192280598617863
"665";0,0376494491230116;0,0567177220579661;0,0191180115677484
"666";0,0375253329923972;0,0560759705311983;0,0195267959425719
"667";0,0373979348650632;0,0558196530411984;0,0193851653155157
"668";0,0372051079395356;0,0557289197658064;0,0191664097662686
"669";0,037142271455608;0,0551690583114858;0,0192681458510402
"670";0,0371414825749982;0,0551672078226703;0,0192731086524757
"671";0,0375477215187905;0,0551339837154054;0,0194012106747516
"672";0,0375210004202595;0,0549301957625723;0,0196516063532495
"673";0,0374181756699244;0,0546041618748008;0,0196817385095368
"674";0,0373074714783466;0,0548480523617308;0,0196894828530723
"675";0,0376833872915536;0,0551011370733901;0,019619269291893
"676";0,0374913666847923;0,0549771041807571;0,0196654400682071
"677";0,0373017305816574;0,0554038859005332;0,0196601783879541
"678";0,037222473204401;0,0551715398319258;0,0196192052697867
"679";0,037125251877014;0,0555896274251979;0,0197578982123325
"680";0,0370471363517444;0,0554982861816755;0,0198921181970696
"681";0,0369021631209979;0,0553244098543878;0,0198834463543042
"682";0,036710921417869;0,0550907594393691;0,0201860396282358
"683";0,0366126365300406;0,054879281491611;0,0203165917173444
"684";0,0366402710603609;0,0546961945327264;0,0204524125441783
"685";0,0364954627919762;0,054686382870551;0,0201888131779206
"686";0,0362538879283954;0,0542446783442645;0,0202291428750071
"687";0,036054052016114;0,0545957513205223;0,0204013593671832
"688";0,0358905942669877;0,0544622900351038;0,0202263063409478
"689";0,0357169830314045;0,0539243929236034;0,019979366165811
"690";0,0355267022739148;0,0539441538030498;0,0198673667111315
"691";0,0353563561034907;0,0548925652655465;0,0200129237604473
"692";0,0351363151904737;0,0561027894738634;0,0201109116113365
"693";0,035018805662318;0,0564160935904752;0,020626775441506
"694";0,0349524698562084;0,0570836193570002;0,0205092478885705
"695";0,0348330493700241;0,056682678060419;0,0203749862310204
"696";0,0346777449572185;0,0561238323694647;0,0204909288792527
"697";0,0345773602918481;0,0554858709538327;0,0204817683601766
"698";0,0344482961747863;0,0549387061405041;0,0205091618592566
"699";0,0343062765424231;0,0544542655444157;0,0205547820339957
"700";0,0340787388536274;0,0545032412324299;0,0205853049940075
"701";0,0338453261600191;0,0545683670886117;0,0205282396864156
"702";0,0336329521703005;0,0546497626779791;0,0205309250472303
"703";0,0334630351014336;0,0546215487934739;0,0206091857634055
"704";0,0332901675895932;0,0542344277214703;0,0204461517922702
"705";0,0335100875540373;0,053880605492155;0,0201620796684539
"706";0,0332024849295931;0,0536694089822637;0,0199497937850818
"707";0,033027499830078;0,0540166575907874;0,0200002792837507
"708";0,0328473618229869;0,0542231788006653;0,0203206120222417
"709";0,0330132230377668;0,0539073075755995;0,0204216145762544
"710";0,0331900476094525;0,0533879621551935;0,0201459653510359
"711";0,0331854709799933;0,0529280327673219;0,0203000416226884
"712";0,0334328344277143;0,0525248762328282;0,0206112335027785
"713";0,0333538305131715;0,0525685752012853;0,02090497468172
"714";0,0330952861905974;0,0529609055192273;0,0207620676355241
"715";0,0336660972382467;0,0527799963138661;0,0209264232655062
"716";0,0337847264008358;0,0526607354024953;0,0211676685748057
"717";0,0335802033048082;0,0520546885557242;0,0209260155727513
"718";0,0335161456213567;0,0529845445110345;0,020621063648608
"719";0,0338737017100588;0,0533864374672004;0,0209635202298251
"720";0,0345207299397116;0,0530755066191212;0,0208676752586545
"721";0,034791720685347;0,0529120031320347;0,0208011057162604
"722";0,0348190712620564;0,0530307227810749;0,0208734779370672
"723";0,0348275837788571;0,0526140534300992;0,0210188586001749
"724";0,0348014924559734;0,0529758898117058;0,0210951458733736
"725";0,0347806795731872;0,0528966963358381;0,0209866444316696
"726";0,0344876556695279;0,0523875489176771;0,0209636088574654
"727";0,0344712660769506;0,0527186894504731;0,0207918554435456
"728";0,0343935551927327;0,0547263001225149;0,0206822317111124
"729";0,0341990550251049;0,055721233994182;0,0211193310947733
"730";0,0340162177592561;0,0555773007679324;0,0209277708747229
"731";0,0338681050961759;0,0557271297875334;0,0204722440670987
